company,date,environment,governance,riskscore,social,stock,symbol,rating
Apple Inc.,2016-08,0.5,10.2,24,13.0,26.41,AAPL,A
Apple Inc.,2016-09,0.5,10.2,24,13.0,26.53,AAPL,A
Apple Inc.,2016-10,0.5,10.2,24,13.0,25.82,AAPL,A
Apple Inc.,2016-12,0.5,10.2,24,13.0,27.20,AAPL,A
Apple Inc.,2017-01,0.5,10.2,24,13.0,28.50,AAPL,A
Apple Inc.,2017-02,0.5,10.2,24,13.0,32.17,AAPL,A
Apple Inc.,2017-03,0.5,10.2,24,13.0,33.88,AAPL,A
Apple Inc.,2017-03,0.5,10.2,24,13.0,33.88,AAPL,A
Apple Inc.,2017-04,0.5,10.2,24,13.0,36.03,AAPL,A
Apple Inc.,2017-05,0.5,10.2,24,13.0,34.11,AAPL,A
Apple Inc.,2017-06,0.5,10.2,24,13.0,35.23,AAPL,A
Apple Inc.,2017-07,0.5,10.2,24,13.0,38.84,AAPL,A
Apple Inc.,2017-08,0.5,10.2,24,13.0,36.65,AAPL,A
Apple Inc.,2017-09,0.5,10.2,24,13.0,40.19,AAPL,A
Apple Inc.,2017-10,0.5,10.2,24,13.0,40.86,AAPL,A
Apple Inc.,2017-12,0.5,10.2,24,13.0,40.38,AAPL,A
Apple Inc.,2018-01,0.5,10.2,24,13.0,39.95,AAPL,A
Apple Inc.,2018-02,0.5,10.2,24,13.0,42.50,AAPL,A
Apple Inc.,2018-03,0.5,10.2,24,13.0,39.60,AAPL,A
Apple Inc.,2018-03,0.5,10.2,24,13.0,40.20,AAPL,A
Apple Inc.,2018-04,0.5,10.2,24,13.0,44.77,AAPL,A
Apple Inc.,2018-05,0.5,10.2,24,13.0,44.52,AAPL,A
Apple Inc.,2018-06,0.5,10.2,24,13.0,45.77,AAPL,A
Apple Inc.,2018-07,0.5,10.2,24,13.0,54.75,AAPL,A
Apple Inc.,2018-08,0.5,10.2,24,13.0,54.49,AAPL,A
Apple Inc.,2018-09,0.5,10.2,24,13.0,52.83,AAPL,A
Apple Inc.,2018-10,0.5,10.2,24,13.0,43.10,AAPL,A
Apple Inc.,2018-12,0.5,10.2,24,13.0,38.21,AAPL,A
Apple Inc.,2019-01,0.5,10.2,24,13.0,40.31,AAPL,A
Apple Inc.,2019-02,0.5,10.2,24,13.0,41.94,AAPL,A
Apple Inc.,2019-03,0.5,10.2,24,13.0,48.81,AAPL,A
Apple Inc.,2019-03,0.5,10.2,24,13.0,46.20,AAPL,A
Apple Inc.,2019-04,0.5,10.2,24,13.0,42.59,AAPL,A
Apple Inc.,2019-05,0.5,10.2,24,13.0,48.33,AAPL,A
Apple Inc.,2019-06,0.5,10.2,24,13.0,52.02,AAPL,A
Apple Inc.,2019-07,0.5,10.2,24,13.0,50.97,AAPL,A
Apple Inc.,2019-08,0.5,10.2,24,13.0,54.90,AAPL,A
Apple Inc.,2019-09,0.5,10.2,24,13.0,60.97,AAPL,A
Apple Inc.,2019-10,0.5,10.2,24,13.0,65.51,AAPL,A
Apple Inc.,2019-12,0.5,10.2,24,13.0,72.19,AAPL,A
Apple Inc.,2020-01,0.5,10.2,24,13.0,76.09,AAPL,A
Apple Inc.,2020-02,0.5,10.2,24,13.0,67.20,AAPL,A
Apple Inc.,2020-03,0.5,10.2,24,13.0,72.40,AAPL,A
Apple Inc.,2020-03,0.5,10.2,24,13.0,62.66,AAPL,A
Apple Inc.,2020-04,0.5,10.2,24,13.0,78.35,AAPL,A
Apple Inc.,2020-05,0.5,10.2,24,13.0,90.88,AAPL,A
Apple Inc.,2020-06,0.5,10.2,24,13.0,105.89,AAPL,A
Apple Inc.,2020-07,0.5,10.2,24,13.0,128.59,AAPL,A
Apple Inc.,2020-08,0.5,10.2,24,13.0,115.61,AAPL,A
Apple Inc.,2020-09,0.5,10.2,24,13.0,108.67,AAPL,A
Apple Inc.,2020-10,0.5,10.2,24,13.0,118.84,AAPL,A
Amgen Inc.,2016-10,0.0,6.8,20,13.6,127.71,AMGN,BBB
Amgen Inc.,2016-12,0.0,6.8,20,13.6,130.48,AMGN,BBB
Amgen Inc.,2017-01,0.0,6.8,20,13.6,139.83,AMGN,BBB
Amgen Inc.,2017-02,0.0,6.8,20,13.6,157.54,AMGN,BBB
Amgen Inc.,2017-03,0.0,6.8,20,13.6,146.76,AMGN,BBB
Amgen Inc.,2017-03,0.0,6.8,20,13.6,147.43,AMGN,BBB
Amgen Inc.,2017-04,0.0,6.8,20,13.6,139.50,AMGN,BBB
Amgen Inc.,2017-05,0.0,6.8,20,13.6,155.88,AMGN,BBB
Amgen Inc.,2017-06,0.0,6.8,20,13.6,157.95,AMGN,BBB
Amgen Inc.,2017-07,0.0,6.8,20,13.6,160.90,AMGN,BBB
Amgen Inc.,2017-08,0.0,6.8,20,13.6,169.89,AMGN,BBB
Amgen Inc.,2017-09,0.0,6.8,20,13.6,159.66,AMGN,BBB
Amgen Inc.,2017-10,0.0,6.8,20,13.6,160.06,AMGN,BBB
Amgen Inc.,2017-12,0.0,6.8,20,13.6,159.54,AMGN,BBB
Amgen Inc.,2018-01,0.0,6.8,20,13.6,170.69,AMGN,BBB
Amgen Inc.,2018-02,0.0,6.8,20,13.6,168.60,AMGN,BBB
Amgen Inc.,2018-03,0.0,6.8,20,13.6,161.28,AMGN,BBB
Amgen Inc.,2018-03,0.0,6.8,20,13.6,157.59,AMGN,BBB
Amgen Inc.,2018-04,0.0,6.8,20,13.6,166.03,AMGN,BBB
Amgen Inc.,2018-05,0.0,6.8,20,13.6,171.94,AMGN,BBB
Amgen Inc.,2018-06,0.0,6.8,20,13.6,183.09,AMGN,BBB
Amgen Inc.,2018-07,0.0,6.8,20,13.6,186.12,AMGN,BBB
Amgen Inc.,2018-08,0.0,6.8,20,13.6,194.40,AMGN,BBB
Amgen Inc.,2018-09,0.0,6.8,20,13.6,180.81,AMGN,BBB
Amgen Inc.,2018-10,0.0,6.8,20,13.6,195.30,AMGN,A
Amgen Inc.,2018-12,0.0,6.8,20,13.6,183.84,AMGN,A
Amgen Inc.,2019-01,0.0,6.8,20,13.6,176.70,AMGN,A
Amgen Inc.,2019-02,0.0,6.8,20,13.6,179.51,AMGN,A
Amgen Inc.,2019-03,0.0,6.8,20,13.6,170.66,AMGN,A
Amgen Inc.,2019-03,0.0,6.8,20,13.6,180.80,AMGN,A
Amgen Inc.,2019-04,0.0,6.8,20,13.6,158.65,AMGN,A
Amgen Inc.,2019-05,0.0,6.8,20,13.6,176.89,AMGN,A
Amgen Inc.,2019-06,0.0,6.8,20,13.6,179.09,AMGN,AA
Amgen Inc.,2019-07,0.0,6.8,20,13.6,200.25,AMGN,AA
Amgen Inc.,2019-08,0.0,6.8,20,13.6,187.06,AMGN,AA
Amgen Inc.,2019-09,0.0,6.8,20,13.6,206.14,AMGN,AA
Amgen Inc.,2019-10,0.0,6.8,20,13.6,226.90,AMGN,AA
Amgen Inc.,2019-12,0.0,6.8,20,13.6,234.59,AMGN,AA
Amgen Inc.,2020-01,0.0,6.8,20,13.6,210.24,AMGN,AA
Amgen Inc.,2020-02,0.0,6.8,20,13.6,194.36,AMGN,AA
Amgen Inc.,2020-03,0.0,6.8,20,13.6,234.44,AMGN,AA
Amgen Inc.,2020-03,0.0,6.8,20,13.6,198.68,AMGN,AA
Amgen Inc.,2020-04,0.0,6.8,20,13.6,225.11,AMGN,AA
Amgen Inc.,2020-05,0.0,6.8,20,13.6,232.71,AMGN,AA
Amgen Inc.,2020-06,0.0,6.8,20,13.6,241.40,AMGN,AA
Amgen Inc.,2020-07,0.0,6.8,20,13.6,249.94,AMGN,AA
Amgen Inc.,2020-08,0.0,6.8,20,13.6,252.45,AMGN,AA
Amgen Inc.,2020-09,0.0,6.8,20,13.6,215.48,AMGN,AA
Amgen Inc.,2020-10,0.0,6.8,20,13.6,220.54,AMGN,AA
American Express Company,2017-01,0.1,9.8,20,9.9,71.74,AXP,A
American Express Company,2017-02,0.1,9.8,20,9.9,75.52,AXP,A
American Express Company,2017-03,0.1,9.8,20,9.9,74.75,AXP,A
American Express Company,2017-03,0.1,9.8,20,9.9,74.62,AXP,A
American Express Company,2017-04,0.1,9.8,20,9.9,72.87,AXP,A
American Express Company,2017-05,0.1,9.8,20,9.9,79.79,AXP,A
American Express Company,2017-06,0.1,9.8,20,9.9,80.72,AXP,A
American Express Company,2017-07,0.1,9.8,20,9.9,81.85,AXP,A
American Express Company,2017-08,0.1,9.8,20,9.9,86.00,AXP,A
American Express Company,2017-09,0.1,9.8,20,9.9,90.81,AXP,A
American Express Company,2017-10,0.1,9.8,20,9.9,93.25,AXP,A
American Express Company,2017-12,0.1,9.8,20,9.9,94.78,AXP,A
American Express Company,2018-01,0.1,9.8,20,9.9,94.86,AXP,AA
American Express Company,2018-02,0.1,9.8,20,9.9,93.39,AXP,AA
American Express Company,2018-03,0.1,9.8,20,9.9,94.58,AXP,AA
American Express Company,2018-03,0.1,9.8,20,9.9,89.34,AXP,AA
American Express Company,2018-04,0.1,9.8,20,9.9,94.50,AXP,AA
American Express Company,2018-05,0.1,9.8,20,9.9,94.21,AXP,AA
American Express Company,2018-06,0.1,9.8,20,9.9,95.67,AXP,AA
American Express Company,2018-07,0.1,9.8,20,9.9,102.25,AXP,AA
American Express Company,2018-08,0.1,9.8,20,9.9,102.74,AXP,AA
American Express Company,2018-09,0.1,9.8,20,9.9,99.11,AXP,AA
American Express Company,2018-10,0.1,9.8,20,9.9,108.71,AXP,AA
American Express Company,2018-12,0.1,9.8,20,9.9,92.29,AXP,AA
American Express Company,2019-01,0.1,9.8,20,9.9,99.44,AXP,AA
American Express Company,2019-02,0.1,9.8,20,9.9,104.75,AXP,AA
American Express Company,2019-03,0.1,9.8,20,9.9,113.97,AXP,AA
American Express Company,2019-03,0.1,9.8,20,9.9,106.26,AXP,AA
American Express Company,2019-04,0.1,9.8,20,9.9,111.92,AXP,AA
American Express Company,2019-05,0.1,9.8,20,9.9,120.44,AXP,AA
American Express Company,2019-06,0.1,9.8,20,9.9,121.34,AXP,AA
American Express Company,2019-07,0.1,9.8,20,9.9,117.81,AXP,AA
American Express Company,2019-08,0.1,9.8,20,9.9,115.76,AXP,AA
American Express Company,2019-09,0.1,9.8,20,9.9,114.78,AXP,AA
American Express Company,2019-10,0.1,9.8,20,9.9,118.01,AXP,AA
American Express Company,2019-12,0.1,9.8,20,9.9,122.31,AXP,AA
American Express Company,2020-01,0.1,9.8,20,9.9,127.59,AXP,AA
American Express Company,2020-02,0.1,9.8,20,9.9,108.38,AXP,AA
American Express Company,2020-03,0.1,9.8,20,9.9,89.96,AXP,AA
American Express Company,2020-03,0.1,9.8,20,9.9,84.40,AXP,AA
American Express Company,2020-04,0.1,9.8,20,9.9,94.25,AXP,AA
American Express Company,2020-05,0.1,9.8,20,9.9,94.38,AXP,AA
American Express Company,2020-06,0.1,9.8,20,9.9,92.51,AXP,AA
American Express Company,2020-07,0.1,9.8,20,9.9,101.17,AXP,AA
American Express Company,2020-08,0.1,9.8,20,9.9,99.83,AXP,AA
American Express Company,2020-09,0.1,9.8,20,9.9,90.86,AXP,AA
American Express Company,2020-10,0.1,9.8,20,9.9,118.59,AXP,AA
The Boeing Company,2016-12,8.0,9.8,39,20.9,144.34,BA,BBB
The Boeing Company,2017-01,8.0,9.8,39,20.9,151.51,BA,BBB
The Boeing Company,2017-02,8.0,9.8,39,20.9,167.10,BA,BBB
The Boeing Company,2017-03,8.0,9.8,39,20.9,172.84,BA,BBB
The Boeing Company,2017-03,8.0,9.8,39,20.9,165.39,BA,BBB
The Boeing Company,2017-04,8.0,9.8,39,20.9,175.46,BA,BBB
The Boeing Company,2017-05,8.0,9.8,39,20.9,186.34,BA,BBB
The Boeing Company,2017-06,8.0,9.8,39,20.9,228.46,BA,BBB
The Boeing Company,2017-07,8.0,9.8,39,20.9,225.83,BA,BBB
The Boeing Company,2017-08,8.0,9.8,39,20.9,240.96,BA,BBB
The Boeing Company,2017-09,8.0,9.8,39,20.9,244.54,BA,BBB
The Boeing Company,2017-10,8.0,9.8,39,20.9,262.38,BA,BBB
The Boeing Company,2017-12,8.0,9.8,39,20.9,281.05,BA,A
The Boeing Company,2018-01,8.0,9.8,39,20.9,337.71,BA,A
The Boeing Company,2018-02,8.0,9.8,39,20.9,345.18,BA,A
The Boeing Company,2018-03,8.0,9.8,39,20.9,319.45,BA,A
The Boeing Company,2018-03,8.0,9.8,39,20.9,314.01,BA,A
The Boeing Company,2018-04,8.0,9.8,39,20.9,337.26,BA,A
The Boeing Company,2018-05,8.0,9.8,39,20.9,322.92,BA,A
The Boeing Company,2018-06,8.0,9.8,39,20.9,342.93,BA,A
The Boeing Company,2018-07,8.0,9.8,39,20.9,329.93,BA,A
The Boeing Company,2018-08,8.0,9.8,39,20.9,359.71,BA,A
The Boeing Company,2018-09,8.0,9.8,39,20.9,343.23,BA,A
The Boeing Company,2018-10,8.0,9.8,39,20.9,335.40,BA,A
The Boeing Company,2018-12,8.0,9.8,39,20.9,313.37,BA,A
The Boeing Company,2019-01,8.0,9.8,39,20.9,374.71,BA,A
The Boeing Company,2019-02,8.0,9.8,39,20.9,427.51,BA,A
The Boeing Company,2019-03,8.0,9.8,39,20.9,368.84,BA,A
The Boeing Company,2019-03,8.0,9.8,39,20.9,372.49,BA,A
The Boeing Company,2019-04,8.0,9.8,39,20.9,333.61,BA,A
The Boeing Company,2019-05,8.0,9.8,39,20.9,357.53,BA,A
The Boeing Company,2019-06,8.0,9.8,39,20.9,335.10,BA,A
The Boeing Company,2019-07,8.0,9.8,39,20.9,357.61,BA,A
The Boeing Company,2019-08,8.0,9.8,39,20.9,376.03,BA,A
The Boeing Company,2019-09,8.0,9.8,39,20.9,335.94,BA,A
The Boeing Company,2019-10,8.0,9.8,39,20.9,361.90,BA,AA
The Boeing Company,2019-12,8.0,9.8,39,20.9,323.83,BA,AA
The Boeing Company,2020-01,8.0,9.8,39,20.9,316.39,BA,AA
The Boeing Company,2020-02,8.0,9.8,39,20.9,273.48,BA,AA
The Boeing Company,2020-03,8.0,9.8,39,20.9,141.02,BA,AA
The Boeing Company,2020-03,8.0,9.8,39,20.9,149.14,BA,AA
The Boeing Company,2020-04,8.0,9.8,39,20.9,145.85,BA,AA
The Boeing Company,2020-05,8.0,9.8,39,20.9,183.30,BA,AA
The Boeing Company,2020-06,8.0,9.8,39,20.9,158.00,BA,AA
The Boeing Company,2020-07,8.0,9.8,39,20.9,171.82,BA,AA
The Boeing Company,2020-08,8.0,9.8,39,20.9,165.26,BA,AA
The Boeing Company,2020-09,8.0,9.8,39,20.9,144.39,BA,AA
The Boeing Company,2020-10,8.0,9.8,39,20.9,210.71,BA,AA
Caterpillar Inc.,2017-05,10.7,8.9,39,19.7,97.93,CAT,AA
Caterpillar Inc.,2017-06,10.7,8.9,39,19.7,103.84,CAT,AA
Caterpillar Inc.,2017-07,10.7,8.9,39,19.7,107.84,CAT,AA
Caterpillar Inc.,2017-08,10.7,8.9,39,19.7,114.47,CAT,AA
Caterpillar Inc.,2017-09,10.7,8.9,39,19.7,124.65,CAT,AA
Caterpillar Inc.,2017-10,10.7,8.9,39,19.7,130.33,CAT,AA
Caterpillar Inc.,2017-12,10.7,8.9,39,19.7,145.50,CAT,AA
Caterpillar Inc.,2018-01,10.7,8.9,39,19.7,150.30,CAT,AA
Caterpillar Inc.,2018-02,10.7,8.9,39,19.7,143.44,CAT,AA
Caterpillar Inc.,2018-03,10.7,8.9,39,19.7,133.91,CAT,AA
Caterpillar Inc.,2018-03,10.7,8.9,39,19.7,136.71,CAT,AA
Caterpillar Inc.,2018-04,10.7,8.9,39,19.7,141.63,CAT,AA
Caterpillar Inc.,2018-05,10.7,8.9,39,19.7,126.49,CAT,AA
Caterpillar Inc.,2018-06,10.7,8.9,39,19.7,134.07,CAT,AA
Caterpillar Inc.,2018-07,10.7,8.9,39,19.7,130.24,CAT,AA
Caterpillar Inc.,2018-08,10.7,8.9,39,19.7,143.04,CAT,AA
Caterpillar Inc.,2018-09,10.7,8.9,39,19.7,113.80,CAT,AA
Caterpillar Inc.,2018-10,10.7,8.9,39,19.7,128.07,CAT,AA
Caterpillar Inc.,2018-12,10.7,8.9,39,19.7,119.95,CAT,AA
Caterpillar Inc.,2019-01,10.7,8.9,39,19.7,125.70,CAT,AA
Caterpillar Inc.,2019-02,10.7,8.9,39,19.7,130.48,CAT,AA
Caterpillar Inc.,2019-03,10.7,8.9,39,19.7,132.46,CAT,AA
Caterpillar Inc.,2019-03,10.7,8.9,39,19.7,128.73,CAT,AA
Caterpillar Inc.,2019-04,10.7,8.9,39,19.7,114.52,CAT,AA
Caterpillar Inc.,2019-05,10.7,8.9,39,19.7,130.27,CAT,AA
Caterpillar Inc.,2019-06,10.7,8.9,39,19.7,125.85,CAT,A
Caterpillar Inc.,2019-07,10.7,8.9,39,19.7,114.62,CAT,A
Caterpillar Inc.,2019-08,10.7,8.9,39,19.7,121.66,CAT,A
Caterpillar Inc.,2019-09,10.7,8.9,39,19.7,132.73,CAT,A
Caterpillar Inc.,2019-10,10.7,8.9,39,19.7,140.50,CAT,A
Caterpillar Inc.,2019-12,10.7,8.9,39,19.7,143.36,CAT,A
Caterpillar Inc.,2020-01,10.7,8.9,39,19.7,127.51,CAT,A
Caterpillar Inc.,2020-02,10.7,8.9,39,19.7,121.45,CAT,A
Caterpillar Inc.,2020-03,10.7,8.9,39,19.7,113.77,CAT,A
Caterpillar Inc.,2020-03,10.7,8.9,39,19.7,113.44,CAT,A
Caterpillar Inc.,2020-04,10.7,8.9,39,19.7,118.51,CAT,A
Caterpillar Inc.,2020-05,10.7,8.9,39,19.7,124.80,CAT,A
Caterpillar Inc.,2020-06,10.7,8.9,39,19.7,131.09,CAT,A
Caterpillar Inc.,2020-07,10.7,8.9,39,19.7,141.45,CAT,A
Caterpillar Inc.,2020-08,10.7,8.9,39,19.7,148.24,CAT,A
Caterpillar Inc.,2020-09,10.7,8.9,39,19.7,156.10,CAT,A
Caterpillar Inc.,2020-10,10.7,8.9,39,19.7,173.59,CAT,A
salesforce.com inc.,2016-07,0.5,4.3,11,6.5,79.42,CRM,A
salesforce.com inc.,2016-08,0.5,4.3,11,6.5,71.33,CRM,A
salesforce.com inc.,2016-09,0.5,4.3,11,6.5,75.16,CRM,A
salesforce.com inc.,2016-10,0.5,4.3,11,6.5,72.00,CRM,A
salesforce.com inc.,2016-12,0.5,4.3,11,6.5,68.46,CRM,A
salesforce.com inc.,2017-01,0.5,4.3,11,6.5,79.10,CRM,A
salesforce.com inc.,2017-02,0.5,4.3,11,6.5,81.35,CRM,A
salesforce.com inc.,2017-03,0.5,4.3,11,6.5,86.12,CRM,A
salesforce.com inc.,2017-03,0.5,4.3,11,6.5,82.49,CRM,A
salesforce.com inc.,2017-04,0.5,4.3,11,6.5,89.64,CRM,A
salesforce.com inc.,2017-05,0.5,4.3,11,6.5,86.60,CRM,A
salesforce.com inc.,2017-06,0.5,4.3,11,6.5,90.80,CRM,AA
salesforce.com inc.,2017-07,0.5,4.3,11,6.5,95.49,CRM,AA
salesforce.com inc.,2017-08,0.5,4.3,11,6.5,93.42,CRM,AA
salesforce.com inc.,2017-09,0.5,4.3,11,6.5,102.34,CRM,AA
salesforce.com inc.,2017-10,0.5,4.3,11,6.5,104.32,CRM,AA
salesforce.com inc.,2017-12,0.5,4.3,11,6.5,102.23,CRM,AA
salesforce.com inc.,2018-01,0.5,4.3,11,6.5,113.91,CRM,AA
salesforce.com inc.,2018-02,0.5,4.3,11,6.5,116.25,CRM,AA
salesforce.com inc.,2018-03,0.5,4.3,11,6.5,120.99,CRM,AA
salesforce.com inc.,2018-03,0.5,4.3,11,6.5,116.30,CRM,AA
salesforce.com inc.,2018-04,0.5,4.3,11,6.5,129.33,CRM,AA
salesforce.com inc.,2018-05,0.5,4.3,11,6.5,136.40,CRM,AA
salesforce.com inc.,2018-06,0.5,4.3,11,6.5,137.15,CRM,AAA
salesforce.com inc.,2018-07,0.5,4.3,11,6.5,152.68,CRM,AAA
salesforce.com inc.,2018-08,0.5,4.3,11,6.5,159.03,CRM,AAA
salesforce.com inc.,2018-09,0.5,4.3,11,6.5,137.24,CRM,AAA
salesforce.com inc.,2018-10,0.5,4.3,11,6.5,142.76,CRM,AAA
salesforce.com inc.,2018-12,0.5,4.3,11,6.5,136.97,CRM,AAA
salesforce.com inc.,2019-01,0.5,4.3,11,6.5,151.97,CRM,AAA
salesforce.com inc.,2019-02,0.5,4.3,11,6.5,163.65,CRM,AAA
salesforce.com inc.,2019-03,0.5,4.3,11,6.5,165.35,CRM,AAA
salesforce.com inc.,2019-03,0.5,4.3,11,6.5,158.37,CRM,AAA
salesforce.com inc.,2019-04,0.5,4.3,11,6.5,151.41,CRM,AAA
salesforce.com inc.,2019-05,0.5,4.3,11,6.5,151.73,CRM,AAA
salesforce.com inc.,2019-06,0.5,4.3,11,6.5,154.50,CRM,AAA
salesforce.com inc.,2019-07,0.5,4.3,11,6.5,156.07,CRM,AAA
salesforce.com inc.,2019-08,0.5,4.3,11,6.5,148.44,CRM,AAA
salesforce.com inc.,2019-09,0.5,4.3,11,6.5,156.49,CRM,AAA
salesforce.com inc.,2019-10,0.5,4.3,11,6.5,162.89,CRM,AAA
salesforce.com inc.,2019-12,0.5,4.3,11,6.5,162.64,CRM,AAA
salesforce.com inc.,2020-01,0.5,4.3,11,6.5,182.31,CRM,AAA
salesforce.com inc.,2020-02,0.5,4.3,11,6.5,170.40,CRM,AAA
salesforce.com inc.,2020-03,0.5,4.3,11,6.5,161.95,CRM,AAA
salesforce.com inc.,2020-03,0.5,4.3,11,6.5,143.98,CRM,AAA
salesforce.com inc.,2020-04,0.5,4.3,11,6.5,174.79,CRM,AAA
salesforce.com inc.,2020-05,0.5,4.3,11,6.5,187.33,CRM,AAA
salesforce.com inc.,2020-06,0.5,4.3,11,6.5,194.85,CRM,AAA
salesforce.com inc.,2020-07,0.5,4.3,11,6.5,272.65,CRM,AAA
salesforce.com inc.,2020-08,0.5,4.3,11,6.5,251.32,CRM,AAA
salesforce.com inc.,2020-09,0.5,4.3,11,6.5,232.27,CRM,AAA
salesforce.com inc.,2020-10,0.5,4.3,11,6.5,245.80,CRM,AAA
Cisco Systems Inc.,2016-08,0.5,5.9,12,5.9,27.72,CSCO,A
Cisco Systems Inc.,2016-09,0.5,5.9,12,5.9,26.81,CSCO,A
Cisco Systems Inc.,2016-10,0.5,5.9,12,5.9,26.27,CSCO,A
Cisco Systems Inc.,2016-12,0.5,5.9,12,5.9,26.62,CSCO,A
Cisco Systems Inc.,2017-01,0.5,5.9,12,5.9,27.06,CSCO,A
Cisco Systems Inc.,2017-02,0.5,5.9,12,5.9,30.37,CSCO,A
Cisco Systems Inc.,2017-03,0.5,5.9,12,5.9,30.27,CSCO,A
Cisco Systems Inc.,2017-03,0.5,5.9,12,5.9,30.03,CSCO,A
Cisco Systems Inc.,2017-04,0.5,5.9,12,5.9,28.26,CSCO,A
Cisco Systems Inc.,2017-05,0.5,5.9,12,5.9,28.05,CSCO,A
Cisco Systems Inc.,2017-06,0.5,5.9,12,5.9,28.19,CSCO,A
Cisco Systems Inc.,2017-07,0.5,5.9,12,5.9,29.14,CSCO,A
Cisco Systems Inc.,2017-08,0.5,5.9,12,5.9,30.42,CSCO,A
Cisco Systems Inc.,2017-09,0.5,5.9,12,5.9,30.89,CSCO,A
Cisco Systems Inc.,2017-10,0.5,5.9,12,5.9,34.04,CSCO,A
Cisco Systems Inc.,2017-12,0.5,5.9,12,5.9,34.95,CSCO,A
Cisco Systems Inc.,2018-01,0.5,5.9,12,5.9,37.90,CSCO,A
Cisco Systems Inc.,2018-02,0.5,5.9,12,5.9,41.17,CSCO,A
Cisco Systems Inc.,2018-03,0.5,5.9,12,5.9,40.72,CSCO,A
Cisco Systems Inc.,2018-03,0.5,5.9,12,5.9,39.43,CSCO,A
Cisco Systems Inc.,2018-04,0.5,5.9,12,5.9,39.58,CSCO,A
Cisco Systems Inc.,2018-05,0.5,5.9,12,5.9,39.87,CSCO,A
Cisco Systems Inc.,2018-06,0.5,5.9,12,5.9,39.19,CSCO,A
Cisco Systems Inc.,2018-07,0.5,5.9,12,5.9,44.61,CSCO,A
Cisco Systems Inc.,2018-08,0.5,5.9,12,5.9,45.43,CSCO,A
Cisco Systems Inc.,2018-09,0.5,5.9,12,5.9,42.73,CSCO,A
Cisco Systems Inc.,2018-10,0.5,5.9,12,5.9,45.01,CSCO,A
Cisco Systems Inc.,2018-12,0.5,5.9,12,5.9,40.74,CSCO,A
Cisco Systems Inc.,2019-01,0.5,5.9,12,5.9,44.46,CSCO,A
Cisco Systems Inc.,2019-02,0.5,5.9,12,5.9,49.05,CSCO,A
Cisco Systems Inc.,2019-03,0.5,5.9,12,5.9,53.01,CSCO,A
Cisco Systems Inc.,2019-03,0.5,5.9,12,5.9,51.16,CSCO,A
Cisco Systems Inc.,2019-04,0.5,5.9,12,5.9,49.61,CSCO,A
Cisco Systems Inc.,2019-05,0.5,5.9,12,5.9,52.18,CSCO,A
Cisco Systems Inc.,2019-06,0.5,5.9,12,5.9,52.82,CSCO,A
Cisco Systems Inc.,2019-07,0.5,5.9,12,5.9,44.91,CSCO,A
Cisco Systems Inc.,2019-08,0.5,5.9,12,5.9,47.41,CSCO,A
Cisco Systems Inc.,2019-09,0.5,5.9,12,5.9,45.59,CSCO,A
Cisco Systems Inc.,2019-10,0.5,5.9,12,5.9,43.80,CSCO,A
Cisco Systems Inc.,2019-12,0.5,5.9,12,5.9,46.37,CSCO,A
Cisco Systems Inc.,2020-01,0.5,5.9,12,5.9,44.44,CSCO,A
Cisco Systems Inc.,2020-02,0.5,5.9,12,5.9,38.89,CSCO,A
Cisco Systems Inc.,2020-03,0.5,5.9,12,5.9,41.27,CSCO,A
Cisco Systems Inc.,2020-03,0.5,5.9,12,5.9,38.28,CSCO,A
Cisco Systems Inc.,2020-04,0.5,5.9,12,5.9,47.01,CSCO,AA
Cisco Systems Inc.,2020-05,0.5,5.9,12,5.9,45.85,CSCO,AA
Cisco Systems Inc.,2020-06,0.5,5.9,12,5.9,46.30,CSCO,AA
Cisco Systems Inc.,2020-07,0.5,5.9,12,5.9,41.83,CSCO,AA
Cisco Systems Inc.,2020-08,0.5,5.9,12,5.9,39.03,CSCO,AA
Cisco Systems Inc.,2020-09,0.5,5.9,12,5.9,35.57,CSCO,AA
Cisco Systems Inc.,2020-10,0.5,5.9,12,5.9,43.02,CSCO,AA
Chevron Corporation,2017-07,18.3,10.0,40,12.0,92.43,CVX,B
Chevron Corporation,2017-08,18.3,10.0,40,12.0,101.93,CVX,B
Chevron Corporation,2017-09,18.3,10.0,40,12.0,100.54,CVX,B
Chevron Corporation,2017-10,18.3,10.0,40,12.0,103.23,CVX,B
Chevron Corporation,2017-12,18.3,10.0,40,12.0,109.62,CVX,B
Chevron Corporation,2018-01,18.3,10.0,40,12.0,109.76,CVX,B
Chevron Corporation,2018-02,18.3,10.0,40,12.0,98.00,CVX,B
Chevron Corporation,2018-03,18.3,10.0,40,12.0,110.64,CVX,B
Chevron Corporation,2018-03,18.3,10.0,40,12.0,100.85,CVX,B
Chevron Corporation,2018-04,18.3,10.0,40,12.0,109.93,CVX,B
Chevron Corporation,2018-05,18.3,10.0,40,12.0,112.78,CVX,B
Chevron Corporation,2018-06,18.3,10.0,40,12.0,112.64,CVX,B
Chevron Corporation,2018-07,18.3,10.0,40,12.0,105.67,CVX,B
Chevron Corporation,2018-08,18.3,10.0,40,12.0,110.13,CVX,B
Chevron Corporation,2018-09,18.3,10.0,40,12.0,100.55,CVX,B
Chevron Corporation,2018-10,18.3,10.0,40,12.0,107.12,CVX,B
Chevron Corporation,2018-12,18.3,10.0,40,12.0,98.94,CVX,B
Chevron Corporation,2019-01,18.3,10.0,40,12.0,104.27,CVX,B
Chevron Corporation,2019-02,18.3,10.0,40,12.0,108.75,CVX,B
Chevron Corporation,2019-03,18.3,10.0,40,12.0,110.28,CVX,B
Chevron Corporation,2019-03,18.3,10.0,40,12.0,113.15,CVX,B
Chevron Corporation,2019-04,18.3,10.0,40,12.0,104.58,CVX,BB
Chevron Corporation,2019-05,18.3,10.0,40,12.0,115.43,CVX,BB
Chevron Corporation,2019-06,18.3,10.0,40,12.0,114.20,CVX,BB
Chevron Corporation,2019-07,18.3,10.0,40,12.0,109.20,CVX,BB
Chevron Corporation,2019-08,18.3,10.0,40,12.0,111.15,CVX,BB
Chevron Corporation,2019-09,18.3,10.0,40,12.0,110.19,CVX,BB
Chevron Corporation,2019-10,18.3,10.0,40,12.0,109.77,CVX,BBB
Chevron Corporation,2019-12,18.3,10.0,40,12.0,114.05,CVX,BBB
Chevron Corporation,2020-01,18.3,10.0,40,12.0,101.39,CVX,BBB
Chevron Corporation,2020-02,18.3,10.0,40,12.0,88.33,CVX,BBB
Chevron Corporation,2020-03,18.3,10.0,40,12.0,88.08,CVX,BBB
Chevron Corporation,2020-03,18.3,10.0,40,12.0,69.38,CVX,BBB
Chevron Corporation,2020-04,18.3,10.0,40,12.0,87.80,CVX,BBB
Chevron Corporation,2020-05,18.3,10.0,40,12.0,86.69,CVX,BBB
Chevron Corporation,2020-06,18.3,10.0,40,12.0,81.55,CVX,BBB
Chevron Corporation,2020-07,18.3,10.0,40,12.0,81.54,CVX,BBB
Chevron Corporation,2020-08,18.3,10.0,40,12.0,70.96,CVX,BBB
Chevron Corporation,2020-09,18.3,10.0,40,12.0,68.49,CVX,BBB
Chevron Corporation,2020-10,18.3,10.0,40,12.0,85.92,CVX,BBB
The Walt Disney Company,2016-03,0.0,8.1,16,8.1,97.42,DIS,A
The Walt Disney Company,2016-03,0.0,8.1,16,8.1,93.69,DIS,A
The Walt Disney Company,2016-04,0.0,8.1,16,8.1,93.61,DIS,A
The Walt Disney Company,2016-05,0.0,8.1,16,8.1,92.29,DIS,A
The Walt Disney Company,2016-06,0.0,8.1,16,8.1,90.52,DIS,A
The Walt Disney Company,2016-07,0.0,8.1,16,8.1,89.77,DIS,A
The Walt Disney Company,2016-08,0.0,8.1,16,8.1,88.24,DIS,A
The Walt Disney Company,2016-09,0.0,8.1,16,8.1,88.08,DIS,A
The Walt Disney Company,2016-10,0.0,8.1,16,8.1,94.19,DIS,A
The Walt Disney Company,2016-12,0.0,8.1,16,8.1,99.04,DIS,A
The Walt Disney Company,2017-01,0.0,8.1,16,8.1,105.96,DIS,A
The Walt Disney Company,2017-02,0.0,8.1,16,8.1,105.42,DIS,A
The Walt Disney Company,2017-03,0.0,8.1,16,8.1,110.70,DIS,BBB
The Walt Disney Company,2017-03,0.0,8.1,16,8.1,108.58,DIS,BBB
The Walt Disney Company,2017-04,0.0,8.1,16,8.1,103.37,DIS,BBB
The Walt Disney Company,2017-05,0.0,8.1,16,8.1,101.75,DIS,BBB
The Walt Disney Company,2017-06,0.0,8.1,16,8.1,105.27,DIS,BBB
The Walt Disney Company,2017-07,0.0,8.1,16,8.1,97.63,DIS,BBB
The Walt Disney Company,2017-08,0.0,8.1,16,8.1,95.09,DIS,BBB
The Walt Disney Company,2017-09,0.0,8.1,16,8.1,94.36,DIS,BBB
The Walt Disney Company,2017-10,0.0,8.1,16,8.1,101.12,DIS,BBB
The Walt Disney Company,2017-12,0.0,8.1,16,8.1,103.72,DIS,BBB
The Walt Disney Company,2018-01,0.0,8.1,16,8.1,105.68,DIS,BBB
The Walt Disney Company,2018-02,0.0,8.1,16,8.1,100.32,DIS,BBB
The Walt Disney Company,2018-03,0.0,8.1,16,8.1,97.57,DIS,BBB
The Walt Disney Company,2018-03,0.0,8.1,16,8.1,97.68,DIS,BBB
The Walt Disney Company,2018-04,0.0,8.1,16,8.1,96.74,DIS,BBB
The Walt Disney Company,2018-05,0.0,8.1,16,8.1,101.93,DIS,BBB
The Walt Disney Company,2018-06,0.0,8.1,16,8.1,110.44,DIS,BBB
The Walt Disney Company,2018-07,0.0,8.1,16,8.1,109.82,DIS,BBB
The Walt Disney Company,2018-08,0.0,8.1,16,8.1,114.64,DIS,BBB
The Walt Disney Company,2018-09,0.0,8.1,16,8.1,112.57,DIS,BBB
The Walt Disney Company,2018-10,0.0,8.1,16,8.1,113.22,DIS,BBB
The Walt Disney Company,2018-12,0.0,8.1,16,8.1,107.49,DIS,BBB
The Walt Disney Company,2019-01,0.0,8.1,16,8.1,110.17,DIS,BBB
The Walt Disney Company,2019-02,0.0,8.1,16,8.1,111.48,DIS,BBB
The Walt Disney Company,2019-03,0.0,8.1,16,8.1,135.32,DIS,BBB
The Walt Disney Company,2019-03,0.0,8.1,16,8.1,109.69,DIS,BBB
The Walt Disney Company,2019-04,0.0,8.1,16,8.1,130.45,DIS,BBB
The Walt Disney Company,2019-05,0.0,8.1,16,8.1,137.95,DIS,BBB
The Walt Disney Company,2019-06,0.0,8.1,16,8.1,141.28,DIS,BBB
The Walt Disney Company,2019-07,0.0,8.1,16,8.1,136.44,DIS,BBB
The Walt Disney Company,2019-08,0.0,8.1,16,8.1,129.54,DIS,BBB
The Walt Disney Company,2019-09,0.0,8.1,16,8.1,129.15,DIS,BBB
The Walt Disney Company,2019-10,0.0,8.1,16,8.1,150.68,DIS,BBB
The Walt Disney Company,2019-12,0.0,8.1,16,8.1,143.77,DIS,BBB
The Walt Disney Company,2020-01,0.0,8.1,16,8.1,138.31,DIS,BBB
The Walt Disney Company,2020-02,0.0,8.1,16,8.1,117.65,DIS,BBB
The Walt Disney Company,2020-03,0.0,8.1,16,8.1,108.15,DIS,BBB
The Walt Disney Company,2020-03,0.0,8.1,16,8.1,96.60,DIS,BBB
The Walt Disney Company,2020-04,0.0,8.1,16,8.1,117.30,DIS,BBB
The Walt Disney Company,2020-05,0.0,8.1,16,8.1,111.51,DIS,BBB
The Walt Disney Company,2020-06,0.0,8.1,16,8.1,116.94,DIS,BBB
The Walt Disney Company,2020-07,0.0,8.1,16,8.1,131.87,DIS,BBB
The Walt Disney Company,2020-08,0.0,8.1,16,8.1,124.08,DIS,BBB
The Walt Disney Company,2020-09,0.0,8.1,16,8.1,121.25,DIS,BBB
The Walt Disney Company,2020-10,0.0,8.1,16,8.1,148.01,DIS,BBB
The Goldman Sachs Group Inc.,2017-02,0.8,16.2,31,14.2,231.20,GS,AA
The Goldman Sachs Group Inc.,2017-03,0.8,16.2,31,14.2,209.13,GS,AA
The Goldman Sachs Group Inc.,2017-03,0.8,16.2,31,14.2,214.66,GS,AA
The Goldman Sachs Group Inc.,2017-04,0.8,16.2,31,14.2,197.41,GS,AA
The Goldman Sachs Group Inc.,2017-05,0.8,16.2,31,14.2,208.05,GS,AA
The Goldman Sachs Group Inc.,2017-06,0.8,16.2,31,14.2,211.27,GS,AA
The Goldman Sachs Group Inc.,2017-07,0.8,16.2,31,14.2,209.78,GS,AA
The Goldman Sachs Group Inc.,2017-08,0.8,16.2,31,14.2,223.15,GS,AA
The Goldman Sachs Group Inc.,2017-09,0.8,16.2,31,14.2,228.13,GS,AA
The Goldman Sachs Group Inc.,2017-10,0.8,16.2,31,14.2,232.98,GS,AA
The Goldman Sachs Group Inc.,2017-12,0.8,16.2,31,14.2,240.43,GS,AA
The Goldman Sachs Group Inc.,2018-01,0.8,16.2,31,14.2,252.82,GS,AA
The Goldman Sachs Group Inc.,2018-02,0.8,16.2,31,14.2,248.14,GS,A
The Goldman Sachs Group Inc.,2018-03,0.8,16.2,31,14.2,225.56,GS,A
The Goldman Sachs Group Inc.,2018-03,0.8,16.2,31,14.2,238.36,GS,A
The Goldman Sachs Group Inc.,2018-04,0.8,16.2,31,14.2,213.77,GS,A
The Goldman Sachs Group Inc.,2018-05,0.8,16.2,31,14.2,209.49,GS,A
The Goldman Sachs Group Inc.,2018-06,0.8,16.2,31,14.2,225.50,GS,A
The Goldman Sachs Group Inc.,2018-07,0.8,16.2,31,14.2,225.86,GS,A
The Goldman Sachs Group Inc.,2018-08,0.8,16.2,31,14.2,213.68,GS,A
The Goldman Sachs Group Inc.,2018-09,0.8,16.2,31,14.2,214.75,GS,A
The Goldman Sachs Group Inc.,2018-10,0.8,16.2,31,14.2,181.71,GS,A
The Goldman Sachs Group Inc.,2018-12,0.8,16.2,31,14.2,159.83,GS,A
The Goldman Sachs Group Inc.,2019-01,0.8,16.2,31,14.2,189.45,GS,A
The Goldman Sachs Group Inc.,2019-02,0.8,16.2,31,14.2,188.19,GS,A
The Goldman Sachs Group Inc.,2019-03,0.8,16.2,31,14.2,197.81,GS,A
The Goldman Sachs Group Inc.,2019-03,0.8,16.2,31,14.2,184.43,GS,A
The Goldman Sachs Group Inc.,2019-04,0.8,16.2,31,14.2,175.30,GS,A
The Goldman Sachs Group Inc.,2019-05,0.8,16.2,31,14.2,190.10,GS,A
The Goldman Sachs Group Inc.,2019-06,0.8,16.2,31,14.2,212.41,GS,A
The Goldman Sachs Group Inc.,2019-07,0.8,16.2,31,14.2,196.76,GS,A
The Goldman Sachs Group Inc.,2019-08,0.8,16.2,31,14.2,201.22,GS,A
The Goldman Sachs Group Inc.,2019-09,0.8,16.2,31,14.2,207.19,GS,A
The Goldman Sachs Group Inc.,2019-10,0.8,16.2,31,14.2,214.93,GS,A
The Goldman Sachs Group Inc.,2019-12,0.8,16.2,31,14.2,224.52,GS,A
The Goldman Sachs Group Inc.,2020-01,0.8,16.2,31,14.2,232.16,GS,A
The Goldman Sachs Group Inc.,2020-02,0.8,16.2,31,14.2,196.05,GS,A
The Goldman Sachs Group Inc.,2020-03,0.8,16.2,31,14.2,180.20,GS,A
The Goldman Sachs Group Inc.,2020-03,0.8,16.2,31,14.2,151.88,GS,A
The Goldman Sachs Group Inc.,2020-04,0.8,16.2,31,14.2,193.04,GS,BBB
The Goldman Sachs Group Inc.,2020-05,0.8,16.2,31,14.2,195.37,GS,BBB
The Goldman Sachs Group Inc.,2020-06,0.8,16.2,31,14.2,195.70,GS,BBB
The Goldman Sachs Group Inc.,2020-07,0.8,16.2,31,14.2,202.53,GS,BBB
The Goldman Sachs Group Inc.,2020-08,0.8,16.2,31,14.2,199.88,GS,BBB
The Goldman Sachs Group Inc.,2020-09,0.8,16.2,31,14.2,188.02,GS,BBB
The Goldman Sachs Group Inc.,2020-10,0.8,16.2,31,14.2,229.33,GS,BBB
The Home Depot Inc.,2017-01,3.1,3.6,13,6.7,125.07,HD,BBB
The Home Depot Inc.,2017-02,3.1,3.6,13,6.7,131.74,HD,BBB
The Home Depot Inc.,2017-03,3.1,3.6,13,6.7,142.77,HD,BBB
The Home Depot Inc.,2017-03,3.1,3.6,13,6.7,133.48,HD,BBB
The Home Depot Inc.,2017-04,3.1,3.6,13,6.7,140.40,HD,BBB
The Home Depot Inc.,2017-05,3.1,3.6,13,6.7,141.11,HD,BBB
The Home Depot Inc.,2017-06,3.1,3.6,13,6.7,137.62,HD,BBB
The Home Depot Inc.,2017-07,3.1,3.6,13,6.7,137.87,HD,BBB
The Home Depot Inc.,2017-08,3.1,3.6,13,6.7,151.35,HD,BBB
The Home Depot Inc.,2017-09,3.1,3.6,13,6.7,153.40,HD,BBB
The Home Depot Inc.,2017-10,3.1,3.6,13,6.7,166.40,HD,BBB
The Home Depot Inc.,2017-12,3.1,3.6,13,6.7,176.27,HD,BBB
The Home Depot Inc.,2018-01,3.1,3.6,13,6.7,186.84,HD,BBB
The Home Depot Inc.,2018-02,3.1,3.6,13,6.7,169.52,HD,BBB
The Home Depot Inc.,2018-03,3.1,3.6,13,6.7,172.85,HD,BBB
The Home Depot Inc.,2018-03,3.1,3.6,13,6.7,165.77,HD,BBB
The Home Depot Inc.,2018-04,3.1,3.6,13,6.7,174.49,HD,BBB
The Home Depot Inc.,2018-05,3.1,3.6,13,6.7,183.51,HD,BBB
The Home Depot Inc.,2018-06,3.1,3.6,13,6.7,185.78,HD,BBB
The Home Depot Inc.,2018-07,3.1,3.6,13,6.7,188.84,HD,BBB
The Home Depot Inc.,2018-08,3.1,3.6,13,6.7,195.84,HD,BBB
The Home Depot Inc.,2018-09,3.1,3.6,13,6.7,166.28,HD,BBB
The Home Depot Inc.,2018-10,3.1,3.6,13,6.7,170.47,HD,BBB
The Home Depot Inc.,2018-12,3.1,3.6,13,6.7,163.41,HD,BBB
The Home Depot Inc.,2019-01,3.1,3.6,13,6.7,174.55,HD,BBB
The Home Depot Inc.,2019-02,3.1,3.6,13,6.7,176.08,HD,BBB
The Home Depot Inc.,2019-03,3.1,3.6,13,6.7,195.17,HD,BBB
The Home Depot Inc.,2019-03,3.1,3.6,13,6.7,182.50,HD,BBB
The Home Depot Inc.,2019-04,3.1,3.6,13,6.7,181.90,HD,BBB
The Home Depot Inc.,2019-05,3.1,3.6,13,6.7,199.26,HD,BBB
The Home Depot Inc.,2019-06,3.1,3.6,13,6.7,206.18,HD,BBB
The Home Depot Inc.,2019-07,3.1,3.6,13,6.7,219.90,HD,BBB
The Home Depot Inc.,2019-08,3.1,3.6,13,6.7,223.86,HD,BBB
The Home Depot Inc.,2019-09,3.1,3.6,13,6.7,227.05,HD,BBB
The Home Depot Inc.,2019-10,3.1,3.6,13,6.7,214.06,HD,BBB
The Home Depot Inc.,2019-12,3.1,3.6,13,6.7,211.99,HD,BBB
The Home Depot Inc.,2020-01,3.1,3.6,13,6.7,222.84,HD,BBB
The Home Depot Inc.,2020-02,3.1,3.6,13,6.7,212.82,HD,BBB
The Home Depot Inc.,2020-03,3.1,3.6,13,6.7,216.20,HD,BBB
The Home Depot Inc.,2020-03,3.1,3.6,13,6.7,182.41,HD,BBB
The Home Depot Inc.,2020-04,3.1,3.6,13,6.7,244.38,HD,BBB
The Home Depot Inc.,2020-05,3.1,3.6,13,6.7,246.37,HD,BBB
The Home Depot Inc.,2020-06,3.1,3.6,13,6.7,262.67,HD,BBB
The Home Depot Inc.,2020-07,3.1,3.6,13,6.7,282.01,HD,BBB
The Home Depot Inc.,2020-08,3.1,3.6,13,6.7,274.76,HD,BBB
The Home Depot Inc.,2020-09,3.1,3.6,13,6.7,265.26,HD,BBB
The Home Depot Inc.,2020-10,3.1,3.6,13,6.7,275.91,HD,BBB
Honeywell International Inc.,2016-09,10.3,9.0,33,14.1,96.09,HON,AA
Honeywell International Inc.,2016-10,10.3,9.0,33,14.1,99.83,HON,AA
Honeywell International Inc.,2016-12,10.3,9.0,33,14.1,102.10,HON,AA
Honeywell International Inc.,2017-01,10.3,9.0,33,14.1,104.28,HON,AA
Honeywell International Inc.,2017-02,10.3,9.0,33,14.1,109.72,HON,AA
Honeywell International Inc.,2017-03,10.3,9.0,33,14.1,116.19,HON,AA
Honeywell International Inc.,2017-03,10.3,9.0,33,14.1,110.64,HON,AA
Honeywell International Inc.,2017-04,10.3,9.0,33,14.1,117.83,HON,AA
Honeywell International Inc.,2017-05,10.3,9.0,33,14.1,118.70,HON,AA
Honeywell International Inc.,2017-06,10.3,9.0,33,14.1,121.22,HON,AA
Honeywell International Inc.,2017-07,10.3,9.0,33,14.1,123.13,HON,AA
Honeywell International Inc.,2017-08,10.3,9.0,33,14.1,126.84,HON,AA
Honeywell International Inc.,2017-09,10.3,9.0,33,14.1,129.00,HON,AA
Honeywell International Inc.,2017-10,10.3,9.0,33,14.1,139.56,HON,AA
Honeywell International Inc.,2017-12,10.3,9.0,33,14.1,137.94,HON,AA
Honeywell International Inc.,2018-01,10.3,9.0,33,14.1,143.61,HON,AA
Honeywell International Inc.,2018-02,10.3,9.0,33,14.1,135.91,HON,AA
Honeywell International Inc.,2018-03,10.3,9.0,33,14.1,130.76,HON,AA
Honeywell International Inc.,2018-03,10.3,9.0,33,14.1,130.61,HON,AA
Honeywell International Inc.,2018-04,10.3,9.0,33,14.1,133.68,HON,AA
Honeywell International Inc.,2018-05,10.3,9.0,33,14.1,130.85,HON,AA
Honeywell International Inc.,2018-06,10.3,9.0,33,14.1,145.02,HON,AA
Honeywell International Inc.,2018-07,10.3,9.0,33,14.1,144.49,HON,AA
Honeywell International Inc.,2018-08,10.3,9.0,33,14.1,151.89,HON,AA
Honeywell International Inc.,2018-09,10.3,9.0,33,14.1,137.93,HON,AA
Honeywell International Inc.,2018-10,10.3,9.0,33,14.1,139.76,HON,AA
Honeywell International Inc.,2018-12,10.3,9.0,33,14.1,126.53,HON,AA
Honeywell International Inc.,2019-01,10.3,9.0,33,14.1,137.56,HON,AA
Honeywell International Inc.,2019-02,10.3,9.0,33,14.1,147.56,HON,AA
Honeywell International Inc.,2019-03,10.3,9.0,33,14.1,167.18,HON,AA
Honeywell International Inc.,2019-03,10.3,9.0,33,14.1,153.01,HON,AA
Honeywell International Inc.,2019-04,10.3,9.0,33,14.1,158.20,HON,AA
Honeywell International Inc.,2019-05,10.3,9.0,33,14.1,168.92,HON,AA
Honeywell International Inc.,2019-06,10.3,9.0,33,14.1,166.86,HON,AA
Honeywell International Inc.,2019-07,10.3,9.0,33,14.1,159.27,HON,AA
Honeywell International Inc.,2019-08,10.3,9.0,33,14.1,164.53,HON,AA
Honeywell International Inc.,2019-09,10.3,9.0,33,14.1,167.96,HON,AA
Honeywell International Inc.,2019-10,10.3,9.0,33,14.1,173.62,HON,AA
Honeywell International Inc.,2019-12,10.3,9.0,33,14.1,172.97,HON,AA
Honeywell International Inc.,2020-01,10.3,9.0,33,14.1,169.27,HON,AA
Honeywell International Inc.,2020-02,10.3,9.0,33,14.1,158.47,HON,AA
Honeywell International Inc.,2020-03,10.3,9.0,33,14.1,139.42,HON,AA
Honeywell International Inc.,2020-03,10.3,9.0,33,14.1,131.45,HON,AA
Honeywell International Inc.,2020-04,10.3,9.0,33,14.1,143.30,HON,AA
Honeywell International Inc.,2020-05,10.3,9.0,33,14.1,143.11,HON,AA
Honeywell International Inc.,2020-06,10.3,9.0,33,14.1,147.84,HON,AA
Honeywell International Inc.,2020-07,10.3,9.0,33,14.1,163.85,HON,AA
Honeywell International Inc.,2020-08,10.3,9.0,33,14.1,163.84,HON,AA
Honeywell International Inc.,2020-09,10.3,9.0,33,14.1,164.18,HON,AA
Honeywell International Inc.,2020-10,10.3,9.0,33,14.1,202.97,HON,AA
International Business Machines Corporation,2016-05,0.4,7.3,18,10.1,124.53,IBM,A
International Business Machines Corporation,2016-06,0.4,7.3,18,10.1,131.78,IBM,A
International Business Machines Corporation,2016-07,0.4,7.3,18,10.1,130.36,IBM,A
International Business Machines Corporation,2016-08,0.4,7.3,18,10.1,131.46,IBM,A
International Business Machines Corporation,2016-09,0.4,7.3,18,10.1,127.19,IBM,A
International Business Machines Corporation,2016-10,0.4,7.3,18,10.1,134.25,IBM,A
International Business Machines Corporation,2016-12,0.4,7.3,18,10.1,138.61,IBM,A
International Business Machines Corporation,2017-01,0.4,7.3,18,10.1,145.73,IBM,A
International Business Machines Corporation,2017-02,0.4,7.3,18,10.1,150.16,IBM,A
International Business Machines Corporation,2017-03,0.4,7.3,18,10.1,134.91,IBM,A
International Business Machines Corporation,2017-03,0.4,7.3,18,10.1,146.57,IBM,A
International Business Machines Corporation,2017-04,0.4,7.3,18,10.1,128.46,IBM,A
International Business Machines Corporation,2017-05,0.4,7.3,18,10.1,130.74,IBM,AA
International Business Machines Corporation,2017-06,0.4,7.3,18,10.1,122.95,IBM,AA
International Business Machines Corporation,2017-07,0.4,7.3,18,10.1,121.56,IBM,AA
International Business Machines Corporation,2017-08,0.4,7.3,18,10.1,124.60,IBM,AA
International Business Machines Corporation,2017-09,0.4,7.3,18,10.1,132.32,IBM,AA
International Business Machines Corporation,2017-10,0.4,7.3,18,10.1,128.07,IBM,AA
International Business Machines Corporation,2017-12,0.4,7.3,18,10.1,133.08,IBM,AA
International Business Machines Corporation,2018-01,0.4,7.3,18,10.1,142.00,IBM,AA
International Business Machines Corporation,2018-02,0.4,7.3,18,10.1,135.17,IBM,AA
International Business Machines Corporation,2018-03,0.4,7.3,18,10.1,126.98,IBM,AA
International Business Machines Corporation,2018-03,0.4,7.3,18,10.1,134.40,IBM,AA
International Business Machines Corporation,2018-04,0.4,7.3,18,10.1,123.79,IBM,AA
International Business Machines Corporation,2018-05,0.4,7.3,18,10.1,123.73,IBM,AA
International Business Machines Corporation,2018-06,0.4,7.3,18,10.1,128.37,IBM,AA
International Business Machines Corporation,2018-07,0.4,7.3,18,10.1,129.74,IBM,AA
International Business Machines Corporation,2018-08,0.4,7.3,18,10.1,135.38,IBM,AA
International Business Machines Corporation,2018-09,0.4,7.3,18,10.1,103.34,IBM,AA
International Business Machines Corporation,2018-10,0.4,7.3,18,10.1,111.26,IBM,AA
International Business Machines Corporation,2018-12,0.4,7.3,18,10.1,103.06,IBM,AA
International Business Machines Corporation,2019-01,0.4,7.3,18,10.1,121.88,IBM,AA
International Business Machines Corporation,2019-02,0.4,7.3,18,10.1,125.24,IBM,AA
International Business Machines Corporation,2019-03,0.4,7.3,18,10.1,128.66,IBM,AA
International Business Machines Corporation,2019-03,0.4,7.3,18,10.1,129.42,IBM,AA
International Business Machines Corporation,2019-04,0.4,7.3,18,10.1,116.48,IBM,AA
International Business Machines Corporation,2019-05,0.4,7.3,18,10.1,127.99,IBM,AA
International Business Machines Corporation,2019-06,0.4,7.3,18,10.1,137.59,IBM,AA
International Business Machines Corporation,2019-07,0.4,7.3,18,10.1,125.79,IBM,AA
International Business Machines Corporation,2019-08,0.4,7.3,18,10.1,136.56,IBM,AA
International Business Machines Corporation,2019-09,0.4,7.3,18,10.1,125.58,IBM,AA
International Business Machines Corporation,2019-10,0.4,7.3,18,10.1,126.26,IBM,AA
International Business Machines Corporation,2019-12,0.4,7.3,18,10.1,127.36,IBM,AA
International Business Machines Corporation,2020-01,0.4,7.3,18,10.1,136.57,IBM,AA
International Business Machines Corporation,2020-02,0.4,7.3,18,10.1,123.66,IBM,AA
International Business Machines Corporation,2020-03,0.4,7.3,18,10.1,120.55,IBM,AA
International Business Machines Corporation,2020-03,0.4,7.3,18,10.1,106.50,IBM,AA
International Business Machines Corporation,2020-04,0.4,7.3,18,10.1,119.92,IBM,AA
International Business Machines Corporation,2020-05,0.4,7.3,18,10.1,117.51,IBM,AA
International Business Machines Corporation,2020-06,0.4,7.3,18,10.1,119.62,IBM,AA
International Business Machines Corporation,2020-07,0.4,7.3,18,10.1,119.98,IBM,AA
International Business Machines Corporation,2020-08,0.4,7.3,18,10.1,119.93,IBM,AA
International Business Machines Corporation,2020-09,0.4,7.3,18,10.1,110.06,IBM,AA
International Business Machines Corporation,2020-10,0.4,7.3,18,10.1,121.75,IBM,AA
Intel Corporation,2017-01,4.2,6.2,15,5.1,33.25,INTC,AA
Intel Corporation,2017-02,4.2,6.2,15,5.1,32.69,INTC,AA
Intel Corporation,2017-03,4.2,6.2,15,5.1,32.88,INTC,AA
Intel Corporation,2017-03,4.2,6.2,15,5.1,32.81,INTC,AA
Intel Corporation,2017-04,4.2,6.2,15,5.1,32.84,INTC,AA
Intel Corporation,2017-05,4.2,6.2,15,5.1,30.91,INTC,AA
Intel Corporation,2017-06,4.2,6.2,15,5.1,32.50,INTC,AA
Intel Corporation,2017-07,4.2,6.2,15,5.1,32.13,INTC,AA
Intel Corporation,2017-08,4.2,6.2,15,5.1,35.15,INTC,AA
Intel Corporation,2017-09,4.2,6.2,15,5.1,41.99,INTC,AA
Intel Corporation,2017-10,4.2,6.2,15,5.1,41.39,INTC,AA
Intel Corporation,2017-12,4.2,6.2,15,5.1,42.87,INTC,AA
Intel Corporation,2018-01,4.2,6.2,15,5.1,44.70,INTC,AA
Intel Corporation,2018-02,4.2,6.2,15,5.1,45.77,INTC,AA
Intel Corporation,2018-03,4.2,6.2,15,5.1,48.26,INTC,AA
Intel Corporation,2018-03,4.2,6.2,15,5.1,48.69,INTC,AA
Intel Corporation,2018-04,4.2,6.2,15,5.1,51.61,INTC,AA
Intel Corporation,2018-05,4.2,6.2,15,5.1,46.74,INTC,AA
Intel Corporation,2018-06,4.2,6.2,15,5.1,45.23,INTC,AA
Intel Corporation,2018-07,4.2,6.2,15,5.1,45.54,INTC,AA
Intel Corporation,2018-08,4.2,6.2,15,5.1,44.74,INTC,AA
Intel Corporation,2018-09,4.2,6.2,15,5.1,44.35,INTC,AA
Intel Corporation,2018-10,4.2,6.2,15,5.1,46.65,INTC,AA
Intel Corporation,2018-12,4.2,6.2,15,5.1,44.68,INTC,AA
Intel Corporation,2019-01,4.2,6.2,15,5.1,44.86,INTC,AA
Intel Corporation,2019-02,4.2,6.2,15,5.1,50.42,INTC,AA
Intel Corporation,2019-03,4.2,6.2,15,5.1,48.90,INTC,AA
Intel Corporation,2019-03,4.2,6.2,15,5.1,51.45,INTC,AA
Intel Corporation,2019-04,4.2,6.2,15,5.1,42.19,INTC,AA
Intel Corporation,2019-05,4.2,6.2,15,5.1,46.14,INTC,A
Intel Corporation,2019-06,4.2,6.2,15,5.1,48.72,INTC,A
Intel Corporation,2019-07,4.2,6.2,15,5.1,45.70,INTC,A
Intel Corporation,2019-08,4.2,6.2,15,5.1,50.00,INTC,A
Intel Corporation,2019-09,4.2,6.2,15,5.1,54.86,INTC,A
Intel Corporation,2019-10,4.2,6.2,15,5.1,56.33,INTC,A
Intel Corporation,2019-12,4.2,6.2,15,5.1,58.40,INTC,A
Intel Corporation,2020-01,4.2,6.2,15,5.1,62.38,INTC,A
Intel Corporation,2020-02,4.2,6.2,15,5.1,54.17,INTC,A
Intel Corporation,2020-03,4.2,6.2,15,5.1,58.81,INTC,A
Intel Corporation,2020-03,4.2,6.2,15,5.1,53.07,INTC,A
Intel Corporation,2020-04,4.2,6.2,15,5.1,61.71,INTC,A
Intel Corporation,2020-05,4.2,6.2,15,5.1,59.00,INTC,A
Intel Corporation,2020-06,4.2,6.2,15,5.1,47.07,INTC,A
Intel Corporation,2020-07,4.2,6.2,15,5.1,50.24,INTC,A
Intel Corporation,2020-08,4.2,6.2,15,5.1,51.41,INTC,A
Intel Corporation,2020-09,4.2,6.2,15,5.1,43.96,INTC,A
Intel Corporation,2020-10,4.2,6.2,15,5.1,48.00,INTC,A
Johnson & Johnson,2015-12,1.3,11.4,33,20.1,89.76,JNJ,BBB
Johnson & Johnson,2016-01,1.3,11.4,33,20.1,91.26,JNJ,BBB
Johnson & Johnson,2016-02,1.3,11.4,33,20.1,91.93,JNJ,BBB
Johnson & Johnson,2016-03,1.3,11.4,33,20.1,98.65,JNJ,BBB
Johnson & Johnson,2016-03,1.3,11.4,33,20.1,95.23,JNJ,BBB
Johnson & Johnson,2016-04,1.3,11.4,33,20.1,99.18,JNJ,BBB
Johnson & Johnson,2016-05,1.3,11.4,33,20.1,107.52,JNJ,BBB
Johnson & Johnson,2016-06,1.3,11.4,33,20.1,111.01,JNJ,BBB
Johnson & Johnson,2016-07,1.3,11.4,33,20.1,105.78,JNJ,BBB
Johnson & Johnson,2016-08,1.3,11.4,33,20.1,105.41,JNJ,BBB
Johnson & Johnson,2016-09,1.3,11.4,33,20.1,103.50,JNJ,BBB
Johnson & Johnson,2016-10,1.3,11.4,33,20.1,99.32,JNJ,BBB
Johnson & Johnson,2016-12,1.3,11.4,33,20.1,103.52,JNJ,BBB
Johnson & Johnson,2017-01,1.3,11.4,33,20.1,101.75,JNJ,BBB
Johnson & Johnson,2017-02,1.3,11.4,33,20.1,109.80,JNJ,BBB
Johnson & Johnson,2017-03,1.3,11.4,33,20.1,111.67,JNJ,BBB
Johnson & Johnson,2017-03,1.3,11.4,33,20.1,112.65,JNJ,BBB
Johnson & Johnson,2017-04,1.3,11.4,33,20.1,115.99,JNJ,BBB
Johnson & Johnson,2017-05,1.3,11.4,33,20.1,120.44,JNJ,BBB
Johnson & Johnson,2017-06,1.3,11.4,33,20.1,120.83,JNJ,BBB
Johnson & Johnson,2017-07,1.3,11.4,33,20.1,120.51,JNJ,BBB
Johnson & Johnson,2017-08,1.3,11.4,33,20.1,119.12,JNJ,BBB
Johnson & Johnson,2017-09,1.3,11.4,33,20.1,127.73,JNJ,BBB
Johnson & Johnson,2017-10,1.3,11.4,33,20.1,127.66,JNJ,BBB
Johnson & Johnson,2017-12,1.3,11.4,33,20.1,128.80,JNJ,BBB
Johnson & Johnson,2018-01,1.3,11.4,33,20.1,127.39,JNJ,BBB
Johnson & Johnson,2018-02,1.3,11.4,33,20.1,119.73,JNJ,BBB
Johnson & Johnson,2018-03,1.3,11.4,33,20.1,117.35,JNJ,BBB
Johnson & Johnson,2018-03,1.3,11.4,33,20.1,118.89,JNJ,BBB
Johnson & Johnson,2018-04,1.3,11.4,33,20.1,110.98,JNJ,BBB
Johnson & Johnson,2018-05,1.3,11.4,33,20.1,113.41,JNJ,BBB
Johnson & Johnson,2018-06,1.3,11.4,33,20.1,123.86,JNJ,BBB
Johnson & Johnson,2018-07,1.3,11.4,33,20.1,125.88,JNJ,BBB
Johnson & Johnson,2018-08,1.3,11.4,33,20.1,130.00,JNJ,BBB
Johnson & Johnson,2018-09,1.3,11.4,33,20.1,131.71,JNJ,BBB
Johnson & Johnson,2018-10,1.3,11.4,33,20.1,138.21,JNJ,BBB
Johnson & Johnson,2018-12,1.3,11.4,33,20.1,122.19,JNJ,BBB
Johnson & Johnson,2019-01,1.3,11.4,33,20.1,126.01,JNJ,BBB
Johnson & Johnson,2019-02,1.3,11.4,33,20.1,129.38,JNJ,BBB
Johnson & Johnson,2019-03,1.3,11.4,33,20.1,134.58,JNJ,BBB
Johnson & Johnson,2019-03,1.3,11.4,33,20.1,133.24,JNJ,BBB
Johnson & Johnson,2019-04,1.3,11.4,33,20.1,125.00,JNJ,BBB
Johnson & Johnson,2019-05,1.3,11.4,33,20.1,133.66,JNJ,BBB
Johnson & Johnson,2019-06,1.3,11.4,33,20.1,124.96,JNJ,BBB
Johnson & Johnson,2019-07,1.3,11.4,33,20.1,123.18,JNJ,BBB
Johnson & Johnson,2019-08,1.3,11.4,33,20.1,125.09,JNJ,BBB
Johnson & Johnson,2019-09,1.3,11.4,33,20.1,127.66,JNJ,BBB
Johnson & Johnson,2019-10,1.3,11.4,33,20.1,132.93,JNJ,BBB
Johnson & Johnson,2019-12,1.3,11.4,33,20.1,142.01,JNJ,BBB
Johnson & Johnson,2020-01,1.3,11.4,33,20.1,144.93,JNJ,BBB
Johnson & Johnson,2020-02,1.3,11.4,33,20.1,130.92,JNJ,BBB
Johnson & Johnson,2020-03,1.3,11.4,33,20.1,147.00,JNJ,BBB
Johnson & Johnson,2020-03,1.3,11.4,33,20.1,128.47,JNJ,BBB
Johnson & Johnson,2020-04,1.3,11.4,33,20.1,145.74,JNJ,BBB
Johnson & Johnson,2020-05,1.3,11.4,33,20.1,138.74,JNJ,BBB
Johnson & Johnson,2020-06,1.3,11.4,33,20.1,143.80,JNJ,BBB
Johnson & Johnson,2020-07,1.3,11.4,33,20.1,151.34,JNJ,BBB
Johnson & Johnson,2020-08,1.3,11.4,33,20.1,147.85,JNJ,BBB
Johnson & Johnson,2020-09,1.3,11.4,33,20.1,136.16,JNJ,BBB
Johnson & Johnson,2020-10,1.3,11.4,33,20.1,143.68,JNJ,BBB
JPMorgan Chase & Co.,2016-12,1.2,8.9,22,11.9,76.02,JPM,BB
JPMorgan Chase & Co.,2017-01,1.2,8.9,22,11.9,75.26,JPM,BB
JPMorgan Chase & Co.,2017-02,1.2,8.9,22,11.9,81.03,JPM,BB
JPMorgan Chase & Co.,2017-03,1.2,8.9,22,11.9,77.79,JPM,BB
JPMorgan Chase & Co.,2017-03,1.2,8.9,22,11.9,78.54,JPM,BB
JPMorgan Chase & Co.,2017-04,1.2,8.9,22,11.9,74.30,JPM,BB
JPMorgan Chase & Co.,2017-05,1.2,8.9,22,11.9,82.67,JPM,BB
JPMorgan Chase & Co.,2017-06,1.2,8.9,22,11.9,83.03,JPM,BB
JPMorgan Chase & Co.,2017-07,1.2,8.9,22,11.9,82.66,JPM,BB
JPMorgan Chase & Co.,2017-08,1.2,8.9,22,11.9,86.86,JPM,BB
JPMorgan Chase & Co.,2017-09,1.2,8.9,22,11.9,91.50,JPM,BB
JPMorgan Chase & Co.,2017-10,1.2,8.9,22,11.9,95.61,JPM,BB
JPMorgan Chase & Co.,2017-12,1.2,8.9,22,11.9,97.83,JPM,BB
JPMorgan Chase & Co.,2018-01,1.2,8.9,22,11.9,105.81,JPM,BB
JPMorgan Chase & Co.,2018-02,1.2,8.9,22,11.9,106.21,JPM,BB
JPMorgan Chase & Co.,2018-03,1.2,8.9,22,11.9,100.03,JPM,BB
JPMorgan Chase & Co.,2018-03,1.2,8.9,22,11.9,101.12,JPM,BB
JPMorgan Chase & Co.,2018-04,1.2,8.9,22,11.9,98.90,JPM,BB
JPMorgan Chase & Co.,2018-05,1.2,8.9,22,11.9,96.30,JPM,BB
JPMorgan Chase & Co.,2018-06,1.2,8.9,22,11.9,106.24,JPM,BB
JPMorgan Chase & Co.,2018-07,1.2,8.9,22,11.9,106.47,JPM,BB
JPMorgan Chase & Co.,2018-08,1.2,8.9,22,11.9,104.85,JPM,BB
JPMorgan Chase & Co.,2018-09,1.2,8.9,22,11.9,101.31,JPM,BB
JPMorgan Chase & Co.,2018-10,1.2,8.9,22,11.9,104.05,JPM,BB
JPMorgan Chase & Co.,2018-12,1.2,8.9,22,11.9,91.35,JPM,BB
JPMorgan Chase & Co.,2019-01,1.2,8.9,22,11.9,96.85,JPM,BB
JPMorgan Chase & Co.,2019-02,1.2,8.9,22,11.9,98.45,JPM,BB
JPMorgan Chase & Co.,2019-03,1.2,8.9,22,11.9,109.47,JPM,BB
JPMorgan Chase & Co.,2019-03,1.2,8.9,22,11.9,95.49,JPM,BB
JPMorgan Chase & Co.,2019-04,1.2,8.9,22,11.9,100.72,JPM,BB
JPMorgan Chase & Co.,2019-05,1.2,8.9,22,11.9,106.27,JPM,BB
JPMorgan Chase & Co.,2019-06,1.2,8.9,22,11.9,110.26,JPM,BB
JPMorgan Chase & Co.,2019-07,1.2,8.9,22,11.9,105.17,JPM,BB
JPMorgan Chase & Co.,2019-08,1.2,8.9,22,11.9,112.66,JPM,BB
JPMorgan Chase & Co.,2019-09,1.2,8.9,22,11.9,119.58,JPM,BB
JPMorgan Chase & Co.,2019-10,1.2,8.9,22,11.9,127.14,JPM,BB
JPMorgan Chase & Co.,2019-12,1.2,8.9,22,11.9,134.52,JPM,BB
JPMorgan Chase & Co.,2020-01,1.2,8.9,22,11.9,127.72,JPM,BB
JPMorgan Chase & Co.,2020-02,1.2,8.9,22,11.9,112.76,JPM,BB
JPMorgan Chase & Co.,2020-03,1.2,8.9,22,11.9,93.00,JPM,BB
JPMorgan Chase & Co.,2020-03,1.2,8.9,22,11.9,87.43,JPM,BB
JPMorgan Chase & Co.,2020-04,1.2,8.9,22,11.9,95.48,JPM,BB
JPMorgan Chase & Co.,2020-05,1.2,8.9,22,11.9,92.30,JPM,BB
JPMorgan Chase & Co.,2020-06,1.2,8.9,22,11.9,94.83,JPM,BB
JPMorgan Chase & Co.,2020-07,1.2,8.9,22,11.9,99.27,JPM,BB
JPMorgan Chase & Co.,2020-08,1.2,8.9,22,11.9,95.38,JPM,BB
JPMorgan Chase & Co.,2020-09,1.2,8.9,22,11.9,97.14,JPM,BB
JPMorgan Chase & Co.,2020-10,1.2,8.9,22,11.9,117.88,JPM,BB
The Coca-Cola Company,2016-06,9.2,5.1,25,10.8,37.61,KO,A
The Coca-Cola Company,2016-07,9.2,5.1,25,10.8,37.44,KO,A
The Coca-Cola Company,2016-08,9.2,5.1,25,10.8,36.48,KO,A
The Coca-Cola Company,2016-09,9.2,5.1,25,10.8,36.85,KO,A
The Coca-Cola Company,2016-10,9.2,5.1,25,10.8,35.07,KO,A
The Coca-Cola Company,2016-12,9.2,5.1,25,10.8,36.81,KO,A
The Coca-Cola Company,2017-01,9.2,5.1,25,10.8,36.43,KO,A
The Coca-Cola Company,2017-02,9.2,5.1,25,10.8,36.77,KO,A
The Coca-Cola Company,2017-03,9.2,5.1,25,10.8,38.15,KO,A
The Coca-Cola Company,2017-03,9.2,5.1,25,10.8,37.19,KO,A
The Coca-Cola Company,2017-04,9.2,5.1,25,10.8,40.20,KO,A
The Coca-Cola Company,2017-05,9.2,5.1,25,10.8,39.65,KO,A
The Coca-Cola Company,2017-06,9.2,5.1,25,10.8,40.86,KO,A
The Coca-Cola Company,2017-07,9.2,5.1,25,10.8,40.60,KO,A
The Coca-Cola Company,2017-08,9.2,5.1,25,10.8,40.12,KO,A
The Coca-Cola Company,2017-09,9.2,5.1,25,10.8,41.31,KO,A
The Coca-Cola Company,2017-10,9.2,5.1,25,10.8,41.13,KO,A
The Coca-Cola Company,2017-12,9.2,5.1,25,10.8,41.56,KO,A
The Coca-Cola Company,2018-01,9.2,5.1,25,10.8,43.11,KO,A
The Coca-Cola Company,2018-02,9.2,5.1,25,10.8,39.15,KO,A
The Coca-Cola Company,2018-03,9.2,5.1,25,10.8,39.49,KO,A
The Coca-Cola Company,2018-03,9.2,5.1,25,10.8,39.34,KO,A
The Coca-Cola Company,2018-04,9.2,5.1,25,10.8,39.30,KO,A
The Coca-Cola Company,2018-05,9.2,5.1,25,10.8,40.08,KO,A
The Coca-Cola Company,2018-06,9.2,5.1,25,10.8,42.99,KO,A
The Coca-Cola Company,2018-07,9.2,5.1,25,10.8,41.09,KO,A
The Coca-Cola Company,2018-08,9.2,5.1,25,10.8,42.59,KO,A
The Coca-Cola Company,2018-09,9.2,5.1,25,10.8,44.52,KO,A
The Coca-Cola Company,2018-10,9.2,5.1,25,10.8,46.87,KO,A
The Coca-Cola Company,2018-12,9.2,5.1,25,10.8,44.38,KO,A
The Coca-Cola Company,2019-01,9.2,5.1,25,10.8,45.11,KO,A
The Coca-Cola Company,2019-02,9.2,5.1,25,10.8,42.49,KO,A
The Coca-Cola Company,2019-03,9.2,5.1,25,10.8,46.38,KO,A
The Coca-Cola Company,2019-03,9.2,5.1,25,10.8,43.92,KO,A
The Coca-Cola Company,2019-04,9.2,5.1,25,10.8,46.45,KO,A
The Coca-Cola Company,2019-05,9.2,5.1,25,10.8,48.14,KO,A
The Coca-Cola Company,2019-06,9.2,5.1,25,10.8,50.14,KO,A
The Coca-Cola Company,2019-07,9.2,5.1,25,10.8,52.44,KO,A
The Coca-Cola Company,2019-08,9.2,5.1,25,10.8,51.87,KO,A
The Coca-Cola Company,2019-09,9.2,5.1,25,10.8,52.24,KO,A
The Coca-Cola Company,2019-10,9.2,5.1,25,10.8,51.25,KO,A
The Coca-Cola Company,2019-12,9.2,5.1,25,10.8,53.52,KO,AA
The Coca-Cola Company,2020-01,9.2,5.1,25,10.8,56.47,KO,AA
The Coca-Cola Company,2020-02,9.2,5.1,25,10.8,51.72,KO,AA
The Coca-Cola Company,2020-03,9.2,5.1,25,10.8,44.76,KO,AA
The Coca-Cola Company,2020-03,9.2,5.1,25,10.8,42.79,KO,AA
The Coca-Cola Company,2020-04,9.2,5.1,25,10.8,45.53,KO,AA
The Coca-Cola Company,2020-05,9.2,5.1,25,10.8,43.58,KO,AA
The Coca-Cola Company,2020-06,9.2,5.1,25,10.8,46.50,KO,AA
The Coca-Cola Company,2020-07,9.2,5.1,25,10.8,48.75,KO,AA
The Coca-Cola Company,2020-08,9.2,5.1,25,10.8,48.59,KO,AA
The Coca-Cola Company,2020-09,9.2,5.1,25,10.8,47.69,KO,AA
The Coca-Cola Company,2020-10,9.2,5.1,25,10.8,51.20,KO,AA
McDonald's Corporation,2016-09,3.7,5.7,24,14.6,101.18,MCD,BB
McDonald's Corporation,2016-10,3.7,5.7,24,14.6,107.20,MCD,BB
McDonald's Corporation,2016-12,3.7,5.7,24,14.6,110.25,MCD,BB
McDonald's Corporation,2017-01,3.7,5.7,24,14.6,111.02,MCD,BB
McDonald's Corporation,2017-02,3.7,5.7,24,14.6,115.62,MCD,BB
McDonald's Corporation,2017-03,3.7,5.7,24,14.6,127.68,MCD,BB
McDonald's Corporation,2017-03,3.7,5.7,24,14.6,118.26,MCD,BB
McDonald's Corporation,2017-04,3.7,5.7,24,14.6,137.68,MCD,BB
McDonald's Corporation,2017-05,3.7,5.7,24,14.6,139.75,MCD,BB
McDonald's Corporation,2017-06,3.7,5.7,24,14.6,142.45,MCD,BB
McDonald's Corporation,2017-07,3.7,5.7,24,14.6,146.88,MCD,BB
McDonald's Corporation,2017-08,3.7,5.7,24,14.6,144.71,MCD,BB
McDonald's Corporation,2017-09,3.7,5.7,24,14.6,154.16,MCD,BB
McDonald's Corporation,2017-10,3.7,5.7,24,14.6,158.84,MCD,BB
McDonald's Corporation,2017-12,3.7,5.7,24,14.6,159.92,MCD,BB
McDonald's Corporation,2018-01,3.7,5.7,24,14.6,159.01,MCD,BB
McDonald's Corporation,2018-02,3.7,5.7,24,14.6,146.56,MCD,BB
McDonald's Corporation,2018-03,3.7,5.7,24,14.6,156.56,MCD,BB
McDonald's Corporation,2018-03,3.7,5.7,24,14.6,146.22,MCD,BB
McDonald's Corporation,2018-04,3.7,5.7,24,14.6,149.61,MCD,BB
McDonald's Corporation,2018-05,3.7,5.7,24,14.6,146.51,MCD,BB
McDonald's Corporation,2018-06,3.7,5.7,24,14.6,148.24,MCD,BB
McDonald's Corporation,2018-07,3.7,5.7,24,14.6,152.65,MCD,BB
McDonald's Corporation,2018-08,3.7,5.7,24,14.6,158.39,MCD,BB
McDonald's Corporation,2018-09,3.7,5.7,24,14.6,167.49,MCD,BB
McDonald's Corporation,2018-10,3.7,5.7,24,14.6,178.49,MCD,BB
McDonald's Corporation,2018-12,3.7,5.7,24,14.6,169.16,MCD,BB
McDonald's Corporation,2019-01,3.7,5.7,24,14.6,170.32,MCD,BB
McDonald's Corporation,2019-02,3.7,5.7,24,14.6,175.14,MCD,BB
McDonald's Corporation,2019-03,3.7,5.7,24,14.6,189.42,MCD,BB
McDonald's Corporation,2019-03,3.7,5.7,24,14.6,182.06,MCD,BB
McDonald's Corporation,2019-04,3.7,5.7,24,14.6,190.09,MCD,BB
McDonald's Corporation,2019-05,3.7,5.7,24,14.6,200.26,MCD,BB
McDonald's Corporation,2019-06,3.7,5.7,24,14.6,203.21,MCD,BB
McDonald's Corporation,2019-07,3.7,5.7,24,14.6,210.20,MCD,BB
McDonald's Corporation,2019-08,3.7,5.7,24,14.6,208.15,MCD,BB
McDonald's Corporation,2019-09,3.7,5.7,24,14.6,190.69,MCD,BB
McDonald's Corporation,2019-10,3.7,5.7,24,14.6,188.54,MCD,BB
McDonald's Corporation,2019-12,3.7,5.7,24,14.6,192.80,MCD,BB
McDonald's Corporation,2020-01,3.7,5.7,24,14.6,208.76,MCD,BB
McDonald's Corporation,2020-02,3.7,5.7,24,14.6,189.44,MCD,BB
McDonald's Corporation,2020-03,3.7,5.7,24,14.6,184.14,MCD,BB
McDonald's Corporation,2020-03,3.7,5.7,24,14.6,162.33,MCD,BB
McDonald's Corporation,2020-04,3.7,5.7,24,14.6,182.92,MCD,BB
McDonald's Corporation,2020-05,3.7,5.7,24,14.6,182.31,MCD,BB
McDonald's Corporation,2020-06,3.7,5.7,24,14.6,192.01,MCD,BB
McDonald's Corporation,2020-07,3.7,5.7,24,14.6,211.02,MCD,BB
McDonald's Corporation,2020-08,3.7,5.7,24,14.6,218.19,MCD,BB
McDonald's Corporation,2020-09,3.7,5.7,24,14.6,211.74,MCD,BB
McDonald's Corporation,2020-10,3.7,5.7,24,14.6,216.16,MCD,BB
3M Company,2016-09,12.8,8.1,35,14.0,145.81,MMM,AAA
3M Company,2016-10,12.8,8.1,35,14.0,151.49,MMM,AAA
3M Company,2016-12,12.8,8.1,35,14.0,158.45,MMM,AAA
3M Company,2017-01,12.8,8.1,35,14.0,155.19,MMM,AAA
3M Company,2017-02,12.8,8.1,35,14.0,165.43,MMM,AAA
3M Company,2017-03,12.8,8.1,35,14.0,174.98,MMM,AAA
3M Company,2017-03,12.8,8.1,35,14.0,170.95,MMM,AAA
3M Company,2017-04,12.8,8.1,35,14.0,182.70,MMM,AAA
3M Company,2017-05,12.8,8.1,35,14.0,187.13,MMM,AAA
3M Company,2017-06,12.8,8.1,35,14.0,180.82,MMM,AAA
3M Company,2017-07,12.8,8.1,35,14.0,183.65,MMM,AAA
3M Company,2017-08,12.8,8.1,35,14.0,189.75,MMM,AAA
3M Company,2017-09,12.8,8.1,35,14.0,208.09,MMM,AAA
3M Company,2017-10,12.8,8.1,35,14.0,219.80,MMM,AAA
3M Company,2017-12,12.8,8.1,35,14.0,213.85,MMM,AAA
3M Company,2018-01,12.8,8.1,35,14.0,227.60,MMM,AAA
3M Company,2018-02,12.8,8.1,35,14.0,213.98,MMM,AAA
3M Company,2018-03,12.8,8.1,35,14.0,177.66,MMM,AAA
3M Company,2018-03,12.8,8.1,35,14.0,200.63,MMM,AAA
3M Company,2018-04,12.8,8.1,35,14.0,180.25,MMM,AAA
3M Company,2018-05,12.8,8.1,35,14.0,181.02,MMM,AAA
3M Company,2018-06,12.8,8.1,35,14.0,195.37,MMM,AAA
3M Company,2018-07,12.8,8.1,35,14.0,194.08,MMM,AAA
3M Company,2018-08,12.8,8.1,35,14.0,195.19,MMM,AAA
3M Company,2018-09,12.8,8.1,35,14.0,176.25,MMM,AAA
3M Company,2018-10,12.8,8.1,35,14.0,192.61,MMM,AAA
3M Company,2018-12,12.8,8.1,35,14.0,177.71,MMM,AAA
3M Company,2019-01,12.8,8.1,35,14.0,186.81,MMM,AAA
3M Company,2019-02,12.8,8.1,35,14.0,193.43,MMM,AAA
3M Company,2019-03,12.8,8.1,35,14.0,177.97,MMM,AAA
3M Company,2019-03,12.8,8.1,35,14.0,195.13,MMM,AAA
3M Company,2019-04,12.8,8.1,35,14.0,150.03,MMM,AAA
3M Company,2019-05,12.8,8.1,35,14.0,164.18,MMM,AAA
3M Company,2019-06,12.8,8.1,35,14.0,165.49,MMM,AAA
3M Company,2019-07,12.8,8.1,35,14.0,153.17,MMM,AAA
3M Company,2019-08,12.8,8.1,35,14.0,157.14,MMM,AAA
3M Company,2019-09,12.8,8.1,35,14.0,157.70,MMM,AAA
3M Company,2019-10,12.8,8.1,35,14.0,162.27,MMM,AAA
3M Company,2019-12,12.8,8.1,35,14.0,170.09,MMM,AAA
3M Company,2020-01,12.8,8.1,35,14.0,152.96,MMM,AAA
3M Company,2020-02,12.8,8.1,35,14.0,143.88,MMM,AAA
3M Company,2020-03,12.8,8.1,35,14.0,147.79,MMM,AAA
3M Company,2020-03,12.8,8.1,35,14.0,132.80,MMM,AAA
3M Company,2020-04,12.8,8.1,35,14.0,152.19,MMM,AAA
3M Company,2020-05,12.8,8.1,35,14.0,153.26,MMM,AAA
3M Company,2020-06,12.8,8.1,35,14.0,147.83,MMM,AAA
3M Company,2020-07,12.8,8.1,35,14.0,160.16,MMM,AAA
3M Company,2020-08,12.8,8.1,35,14.0,158.81,MMM,AAA
3M Company,2020-09,12.8,8.1,35,14.0,158.59,MMM,AAA
3M Company,2020-10,12.8,8.1,35,14.0,171.25,MMM,AAA
Merck & Co. Inc.,2016-09,1.6,11.1,27,14.1,52.17,MRK,A
Merck & Co. Inc.,2016-10,1.6,11.1,27,14.1,54.36,MRK,A
Merck & Co. Inc.,2016-12,1.6,11.1,27,14.1,52.30,MRK,A
Merck & Co. Inc.,2017-01,1.6,11.1,27,14.1,55.50,MRK,A
Merck & Co. Inc.,2017-02,1.6,11.1,27,14.1,58.97,MRK,A
Merck & Co. Inc.,2017-03,1.6,11.1,27,14.1,56.20,MRK,A
Merck & Co. Inc.,2017-03,1.6,11.1,27,14.1,56.88,MRK,A
Merck & Co. Inc.,2017-04,1.6,11.1,27,14.1,58.71,MRK,A
Merck & Co. Inc.,2017-05,1.6,11.1,27,14.1,57.79,MRK,A
Merck & Co. Inc.,2017-06,1.6,11.1,27,14.1,58.02,MRK,A
Merck & Co. Inc.,2017-07,1.6,11.1,27,14.1,58.01,MRK,A
Merck & Co. Inc.,2017-08,1.6,11.1,27,14.1,58.16,MRK,A
Merck & Co. Inc.,2017-09,1.6,11.1,27,14.1,50.40,MRK,A
Merck & Co. Inc.,2017-10,1.6,11.1,27,14.1,50.57,MRK,A
Merck & Co. Inc.,2017-12,1.6,11.1,27,14.1,51.48,MRK,A
Merck & Co. Inc.,2018-01,1.6,11.1,27,14.1,54.67,MRK,A
Merck & Co. Inc.,2018-02,1.6,11.1,27,14.1,50.03,MRK,A
Merck & Co. Inc.,2018-03,1.6,11.1,27,14.1,54.79,MRK,A
Merck & Co. Inc.,2018-03,1.6,11.1,27,14.1,50.26,MRK,A
Merck & Co. Inc.,2018-04,1.6,11.1,27,14.1,55.41,MRK,A
Merck & Co. Inc.,2018-05,1.6,11.1,27,14.1,56.50,MRK,A
Merck & Co. Inc.,2018-06,1.6,11.1,27,14.1,61.78,MRK,A
Merck & Co. Inc.,2018-07,1.6,11.1,27,14.1,64.33,MRK,A
Merck & Co. Inc.,2018-08,1.6,11.1,27,14.1,66.54,MRK,A
Merck & Co. Inc.,2018-09,1.6,11.1,27,14.1,69.51,MRK,A
Merck & Co. Inc.,2018-10,1.6,11.1,27,14.1,74.93,MRK,A
Merck & Co. Inc.,2018-12,1.6,11.1,27,14.1,72.16,MRK,A
Merck & Co. Inc.,2019-01,1.6,11.1,27,14.1,70.78,MRK,A
Merck & Co. Inc.,2019-02,1.6,11.1,27,14.1,77.30,MRK,A
Merck & Co. Inc.,2019-03,1.6,11.1,27,14.1,75.36,MRK,A
Merck & Co. Inc.,2019-03,1.6,11.1,27,14.1,79.09,MRK,A
Merck & Co. Inc.,2019-04,1.6,11.1,27,14.1,75.84,MRK,A
Merck & Co. Inc.,2019-05,1.6,11.1,27,14.1,80.28,MRK,A
Merck & Co. Inc.,2019-06,1.6,11.1,27,14.1,79.99,MRK,A
Merck & Co. Inc.,2019-07,1.6,11.1,27,14.1,83.34,MRK,A
Merck & Co. Inc.,2019-08,1.6,11.1,27,14.1,81.13,MRK,A
Merck & Co. Inc.,2019-09,1.6,11.1,27,14.1,84.08,MRK,A
Merck & Co. Inc.,2019-10,1.6,11.1,27,14.1,84.58,MRK,A
Merck & Co. Inc.,2019-12,1.6,11.1,27,14.1,88.24,MRK,A
Merck & Co. Inc.,2020-01,1.6,11.1,27,14.1,83.46,MRK,A
Merck & Co. Inc.,2020-02,1.6,11.1,27,14.1,74.79,MRK,A
Merck & Co. Inc.,2020-03,1.6,11.1,27,14.1,78.15,MRK,A
Merck & Co. Inc.,2020-03,1.6,11.1,27,14.1,75.16,MRK,A
Merck & Co. Inc.,2020-04,1.6,11.1,27,14.1,79.51,MRK,A
Merck & Co. Inc.,2020-05,1.6,11.1,27,14.1,76.17,MRK,A
Merck & Co. Inc.,2020-06,1.6,11.1,27,14.1,79.66,MRK,A
Merck & Co. Inc.,2020-07,1.6,11.1,27,14.1,84.65,MRK,A
Merck & Co. Inc.,2020-08,1.6,11.1,27,14.1,82.35,MRK,A
Merck & Co. Inc.,2020-09,1.6,11.1,27,14.1,75.21,MRK,A
Merck & Co. Inc.,2020-10,1.6,11.1,27,14.1,80.39,MRK,A
Microsoft Corporation,2016-05,0.5,5.1,15,9.4,47.36,MSFT,AAA
Microsoft Corporation,2016-06,0.5,5.1,15,9.4,52.46,MSFT,AAA
Microsoft Corporation,2016-07,0.5,5.1,15,9.4,53.18,MSFT,AAA
Microsoft Corporation,2016-08,0.5,5.1,15,9.4,53.64,MSFT,AAA
Microsoft Corporation,2016-09,0.5,5.1,15,9.4,55.80,MSFT,AAA
Microsoft Corporation,2016-10,0.5,5.1,15,9.4,56.12,MSFT,AAA
Microsoft Corporation,2016-12,0.5,5.1,15,9.4,58.26,MSFT,AAA
Microsoft Corporation,2017-01,0.5,5.1,15,9.4,60.61,MSFT,AAA
Microsoft Corporation,2017-02,0.5,5.1,15,9.4,59.99,MSFT,AAA
Microsoft Corporation,2017-03,0.5,5.1,15,9.4,64.58,MSFT,AAA
Microsoft Corporation,2017-03,0.5,5.1,15,9.4,62.12,MSFT,AAA
Microsoft Corporation,2017-04,0.5,5.1,15,9.4,65.88,MSFT,AAA
Microsoft Corporation,2017-05,0.5,5.1,15,9.4,65.39,MSFT,AAA
Microsoft Corporation,2017-06,0.5,5.1,15,9.4,68.97,MSFT,AAA
Microsoft Corporation,2017-07,0.5,5.1,15,9.4,70.93,MSFT,AAA
Microsoft Corporation,2017-08,0.5,5.1,15,9.4,71.04,MSFT,AAA
Microsoft Corporation,2017-09,0.5,5.1,15,9.4,79.33,MSFT,AAA
Microsoft Corporation,2017-10,0.5,5.1,15,9.4,80.27,MSFT,AAA
Microsoft Corporation,2017-12,0.5,5.1,15,9.4,81.99,MSFT,AAA
Microsoft Corporation,2018-01,0.5,5.1,15,9.4,91.07,MSFT,AAA
Microsoft Corporation,2018-02,0.5,5.1,15,9.4,89.88,MSFT,AAA
Microsoft Corporation,2018-03,0.5,5.1,15,9.4,90.06,MSFT,AAA
Microsoft Corporation,2018-03,0.5,5.1,15,9.4,87.89,MSFT,AAA
Microsoft Corporation,2018-04,0.5,5.1,15,9.4,95.18,MSFT,AAA
Microsoft Corporation,2018-05,0.5,5.1,15,9.4,95.37,MSFT,AAA
Microsoft Corporation,2018-06,0.5,5.1,15,9.4,102.60,MSFT,AAA
Microsoft Corporation,2018-07,0.5,5.1,15,9.4,108.64,MSFT,AAA
Microsoft Corporation,2018-08,0.5,5.1,15,9.4,111.04,MSFT,AAA
Microsoft Corporation,2018-09,0.5,5.1,15,9.4,103.70,MSFT,AAA
Microsoft Corporation,2018-10,0.5,5.1,15,9.4,107.66,MSFT,AAA
Microsoft Corporation,2018-12,0.5,5.1,15,9.4,99.04,MSFT,AAA
Microsoft Corporation,2019-01,0.5,5.1,15,9.4,101.83,MSFT,AAA
Microsoft Corporation,2019-02,0.5,5.1,15,9.4,109.24,MSFT,AAA
Microsoft Corporation,2019-03,0.5,5.1,15,9.4,127.89,MSFT,AAA
Microsoft Corporation,2019-03,0.5,5.1,15,9.4,115.49,MSFT,AAA
Microsoft Corporation,2019-04,0.5,5.1,15,9.4,121.12,MSFT,AAA
Microsoft Corporation,2019-05,0.5,5.1,15,9.4,131.67,MSFT,AAA
Microsoft Corporation,2019-06,0.5,5.1,15,9.4,133.94,MSFT,AAA
Microsoft Corporation,2019-07,0.5,5.1,15,9.4,135.50,MSFT,AAA
Microsoft Corporation,2019-08,0.5,5.1,15,9.4,137.11,MSFT,AAA
Microsoft Corporation,2019-09,0.5,5.1,15,9.4,141.39,MSFT,AAA
Microsoft Corporation,2019-10,0.5,5.1,15,9.4,149.29,MSFT,AAA
Microsoft Corporation,2019-12,0.5,5.1,15,9.4,156.05,MSFT,AAA
Microsoft Corporation,2020-01,0.5,5.1,15,9.4,168.45,MSFT,AAA
Microsoft Corporation,2020-02,0.5,5.1,15,9.4,160.31,MSFT,AAA
Microsoft Corporation,2020-03,0.5,5.1,15,9.4,177.82,MSFT,AAA
Microsoft Corporation,2020-03,0.5,5.1,15,9.4,156.48,MSFT,AAA
Microsoft Corporation,2020-04,0.5,5.1,15,9.4,181.82,MSFT,AAA
Microsoft Corporation,2020-05,0.5,5.1,15,9.4,202.49,MSFT,AAA
Microsoft Corporation,2020-06,0.5,5.1,15,9.4,203.98,MSFT,AAA
Microsoft Corporation,2020-07,0.5,5.1,15,9.4,224.40,MSFT,AAA
Microsoft Corporation,2020-08,0.5,5.1,15,9.4,209.78,MSFT,AAA
Microsoft Corporation,2020-09,0.5,5.1,15,9.4,201.94,MSFT,AAA
Microsoft Corporation,2020-10,0.5,5.1,15,9.4,213.51,MSFT,AAA
NIKE Inc.,2015-12,2.0,7.5,16,6.6,58.74,NKE,AA
NIKE Inc.,2016-01,2.0,7.5,16,6.6,58.57,NKE,AA
NIKE Inc.,2016-02,2.0,7.5,16,6.6,58.17,NKE,AA
NIKE Inc.,2016-03,2.0,7.5,16,6.6,55.81,NKE,AA
NIKE Inc.,2016-03,2.0,7.5,16,6.6,58.06,NKE,AA
NIKE Inc.,2016-04,2.0,7.5,16,6.6,52.29,NKE,AA
NIKE Inc.,2016-05,2.0,7.5,16,6.6,52.27,NKE,AA
NIKE Inc.,2016-06,2.0,7.5,16,6.6,52.71,NKE,AA
NIKE Inc.,2016-07,2.0,7.5,16,6.6,54.74,NKE,AA
NIKE Inc.,2016-08,2.0,7.5,16,6.6,50.00,NKE,AA
NIKE Inc.,2016-09,2.0,7.5,16,6.6,47.92,NKE,AA
NIKE Inc.,2016-10,2.0,7.5,16,6.6,47.81,NKE,AA
NIKE Inc.,2016-12,2.0,7.5,16,6.6,48.54,NKE,AA
NIKE Inc.,2017-01,2.0,7.5,16,6.6,50.70,NKE,AA
NIKE Inc.,2017-02,2.0,7.5,16,6.6,54.78,NKE,AA
NIKE Inc.,2017-03,2.0,7.5,16,6.6,53.27,NKE,AA
NIKE Inc.,2017-03,2.0,7.5,16,6.6,53.41,NKE,AA
NIKE Inc.,2017-04,2.0,7.5,16,6.6,50.94,NKE,AA
NIKE Inc.,2017-05,2.0,7.5,16,6.6,56.72,NKE,AA
NIKE Inc.,2017-06,2.0,7.5,16,6.6,56.96,NKE,AA
NIKE Inc.,2017-07,2.0,7.5,16,6.6,50.94,NKE,AA
NIKE Inc.,2017-08,2.0,7.5,16,6.6,50.19,NKE,AA
NIKE Inc.,2017-09,2.0,7.5,16,6.6,53.23,NKE,AA
NIKE Inc.,2017-10,2.0,7.5,16,6.6,58.48,NKE,AA
NIKE Inc.,2017-12,2.0,7.5,16,6.6,60.55,NKE,AA
NIKE Inc.,2018-01,2.0,7.5,16,6.6,66.25,NKE,AA
NIKE Inc.,2018-02,2.0,7.5,16,6.6,65.10,NKE,AA
NIKE Inc.,2018-03,2.0,7.5,16,6.6,66.62,NKE,AA
NIKE Inc.,2018-03,2.0,7.5,16,6.6,64.53,NKE,AA
NIKE Inc.,2018-04,2.0,7.5,16,6.6,69.94,NKE,AA
NIKE Inc.,2018-05,2.0,7.5,16,6.6,77.62,NKE,AA
NIKE Inc.,2018-06,2.0,7.5,16,6.6,75.13,NKE,AA
NIKE Inc.,2018-07,2.0,7.5,16,6.6,80.30,NKE,AA
NIKE Inc.,2018-08,2.0,7.5,16,6.6,82.96,NKE,A
NIKE Inc.,2018-09,2.0,7.5,16,6.6,73.48,NKE,A
NIKE Inc.,2018-10,2.0,7.5,16,6.6,73.56,NKE,A
NIKE Inc.,2018-12,2.0,7.5,16,6.6,72.82,NKE,A
NIKE Inc.,2019-01,2.0,7.5,16,6.6,80.42,NKE,A
NIKE Inc.,2019-02,2.0,7.5,16,6.6,84.20,NKE,A
NIKE Inc.,2019-03,2.0,7.5,16,6.6,86.48,NKE,A
NIKE Inc.,2019-03,2.0,7.5,16,6.6,82.71,NKE,A
NIKE Inc.,2019-04,2.0,7.5,16,6.6,75.96,NKE,A
NIKE Inc.,2019-05,2.0,7.5,16,6.6,81.41,NKE,A
NIKE Inc.,2019-06,2.0,7.5,16,6.6,84.95,NKE,A
NIKE Inc.,2019-07,2.0,7.5,16,6.6,83.44,NKE,A
NIKE Inc.,2019-08,2.0,7.5,16,6.6,92.98,NKE,A
NIKE Inc.,2019-09,2.0,7.5,16,6.6,88.65,NKE,A
NIKE Inc.,2019-10,2.0,7.5,16,6.6,92.55,NKE,A
NIKE Inc.,2019-12,2.0,7.5,16,6.6,100.56,NKE,A
NIKE Inc.,2020-01,2.0,7.5,16,6.6,95.58,NKE,A
NIKE Inc.,2020-02,2.0,7.5,16,6.6,88.71,NKE,A
NIKE Inc.,2020-03,2.0,7.5,16,6.6,86.77,NKE,A
NIKE Inc.,2020-03,2.0,7.5,16,6.6,82.35,NKE,A
NIKE Inc.,2020-04,2.0,7.5,16,6.6,98.12,NKE,A
NIKE Inc.,2020-05,2.0,7.5,16,6.6,97.83,NKE,A
NIKE Inc.,2020-06,2.0,7.5,16,6.6,97.39,NKE,A
NIKE Inc.,2020-07,2.0,7.5,16,6.6,111.64,NKE,A
NIKE Inc.,2020-08,2.0,7.5,16,6.6,125.54,NKE,A
NIKE Inc.,2020-09,2.0,7.5,16,6.6,120.08,NKE,A
NIKE Inc.,2020-10,2.0,7.5,16,6.6,134.70,NKE,A
The Procter & Gamble Company,2016-07,8.2,7.0,25,9.5,77.03,PG,BBB
The Procter & Gamble Company,2016-08,8.2,7.0,25,9.5,79.18,PG,BBB
The Procter & Gamble Company,2016-09,8.2,7.0,25,9.5,76.58,PG,BBB
The Procter & Gamble Company,2016-10,8.2,7.0,25,9.5,73.31,PG,BBB
The Procter & Gamble Company,2016-12,8.2,7.0,25,9.5,74.75,PG,BBB
The Procter & Gamble Company,2017-01,8.2,7.0,25,9.5,77.88,PG,BBB
The Procter & Gamble Company,2017-02,8.2,7.0,25,9.5,81.61,PG,BBB
The Procter & Gamble Company,2017-03,8.2,7.0,25,9.5,78.26,PG,BBB
The Procter & Gamble Company,2017-03,8.2,7.0,25,9.5,80.52,PG,BBB
The Procter & Gamble Company,2017-04,8.2,7.0,25,9.5,79.54,PG,BBB
The Procter & Gamble Company,2017-05,8.2,7.0,25,9.5,78.69,PG,BBB
The Procter & Gamble Company,2017-06,8.2,7.0,25,9.5,82.01,PG,BBB
The Procter & Gamble Company,2017-07,8.2,7.0,25,9.5,83.97,PG,BBB
The Procter & Gamble Company,2017-08,8.2,7.0,25,9.5,82.80,PG,BBB
The Procter & Gamble Company,2017-09,8.2,7.0,25,9.5,78.58,PG,BBB
The Procter & Gamble Company,2017-10,8.2,7.0,25,9.5,82.51,PG,BBB
The Procter & Gamble Company,2017-12,8.2,7.0,25,9.5,84.24,PG,BBB
The Procter & Gamble Company,2018-01,8.2,7.0,25,9.5,79.16,PG,BBB
The Procter & Gamble Company,2018-02,8.2,7.0,25,9.5,72.54,PG,BBB
The Procter & Gamble Company,2018-03,8.2,7.0,25,9.5,66.83,PG,BBB
The Procter & Gamble Company,2018-03,8.2,7.0,25,9.5,73.24,PG,BBB
The Procter & Gamble Company,2018-04,8.2,7.0,25,9.5,68.23,PG,BBB
The Procter & Gamble Company,2018-05,8.2,7.0,25,9.5,72.79,PG,BBB
The Procter & Gamble Company,2018-06,8.2,7.0,25,9.5,75.41,PG,BBB
The Procter & Gamble Company,2018-07,8.2,7.0,25,9.5,78.05,PG,BBB
The Procter & Gamble Company,2018-08,8.2,7.0,25,9.5,78.31,PG,BBB
The Procter & Gamble Company,2018-09,8.2,7.0,25,9.5,83.44,PG,BB
The Procter & Gamble Company,2018-10,8.2,7.0,25,9.5,89.71,PG,BB
The Procter & Gamble Company,2018-12,8.2,7.0,25,9.5,87.25,PG,BB
The Procter & Gamble Company,2019-01,8.2,7.0,25,9.5,91.57,PG,BB
The Procter & Gamble Company,2019-02,8.2,7.0,25,9.5,94.28,PG,BB
The Procter & Gamble Company,2019-03,8.2,7.0,25,9.5,101.87,PG,BB
The Procter & Gamble Company,2019-03,8.2,7.0,25,9.5,99.55,PG,BB
The Procter & Gamble Company,2019-04,8.2,7.0,25,9.5,99.15,PG,BB
The Procter & Gamble Company,2019-05,8.2,7.0,25,9.5,105.64,PG,BB
The Procter & Gamble Company,2019-06,8.2,7.0,25,9.5,113.73,PG,BB
The Procter & Gamble Company,2019-07,8.2,7.0,25,9.5,116.59,PG,BB
The Procter & Gamble Company,2019-08,8.2,7.0,25,9.5,120.61,PG,BB
The Procter & Gamble Company,2019-09,8.2,7.0,25,9.5,120.74,PG,BB
The Procter & Gamble Company,2019-10,8.2,7.0,25,9.5,119.12,PG,BB
The Procter & Gamble Company,2019-12,8.2,7.0,25,9.5,121.89,PG,BB
The Procter & Gamble Company,2020-01,8.2,7.0,25,9.5,121.62,PG,BB
The Procter & Gamble Company,2020-02,8.2,7.0,25,9.5,111.16,PG,BB
The Procter & Gamble Company,2020-03,8.2,7.0,25,9.5,115.71,PG,BB
The Procter & Gamble Company,2020-03,8.2,7.0,25,9.5,107.99,PG,BB
The Procter & Gamble Company,2020-04,8.2,7.0,25,9.5,114.56,PG,BB
The Procter & Gamble Company,2020-05,8.2,7.0,25,9.5,118.16,PG,BB
The Procter & Gamble Company,2020-06,8.2,7.0,25,9.5,129.58,PG,BB
The Procter & Gamble Company,2020-07,8.2,7.0,25,9.5,137.57,PG,BB
The Procter & Gamble Company,2020-08,8.2,7.0,25,9.5,138.22,PG,BB
The Procter & Gamble Company,2020-09,8.2,7.0,25,9.5,136.34,PG,BB
The Procter & Gamble Company,2020-10,8.2,7.0,25,9.5,138.87,PG,BB
The Travelers Companies Inc.,2016-05,1.5,11.1,22,9.3,106.98,TRV,BBB
The Travelers Companies Inc.,2016-06,1.5,11.1,22,9.3,105.06,TRV,BBB
The Travelers Companies Inc.,2016-07,1.5,11.1,22,9.3,107.31,TRV,BBB
The Travelers Companies Inc.,2016-08,1.5,11.1,22,9.3,103.55,TRV,BBB
The Travelers Companies Inc.,2016-09,1.5,11.1,22,9.3,98.34,TRV,BBB
The Travelers Companies Inc.,2016-10,1.5,11.1,22,9.3,103.04,TRV,BBB
The Travelers Companies Inc.,2016-12,1.5,11.1,22,9.3,111.29,TRV,BBB
The Travelers Companies Inc.,2017-01,1.5,11.1,22,9.3,107.69,TRV,BBB
The Travelers Companies Inc.,2017-02,1.5,11.1,22,9.3,111.76,TRV,BBB
The Travelers Companies Inc.,2017-03,1.5,11.1,22,9.3,111.85,TRV,BBB
The Travelers Companies Inc.,2017-03,1.5,11.1,22,9.3,110.21,TRV,BBB
The Travelers Companies Inc.,2017-04,1.5,11.1,22,9.3,114.78,TRV,BBB
The Travelers Companies Inc.,2017-05,1.5,11.1,22,9.3,116.32,TRV,A
The Travelers Companies Inc.,2017-06,1.5,11.1,22,9.3,118.45,TRV,A
The Travelers Companies Inc.,2017-07,1.5,11.1,22,9.3,112.06,TRV,A
The Travelers Companies Inc.,2017-08,1.5,11.1,22,9.3,113.30,TRV,A
The Travelers Companies Inc.,2017-09,1.5,11.1,22,9.3,123.23,TRV,A
The Travelers Companies Inc.,2017-10,1.5,11.1,22,9.3,126.13,TRV,A
The Travelers Companies Inc.,2017-12,1.5,11.1,22,9.3,126.20,TRV,A
The Travelers Companies Inc.,2018-01,1.5,11.1,22,9.3,140.24,TRV,A
The Travelers Companies Inc.,2018-02,1.5,11.1,22,9.3,130.02,TRV,A
The Travelers Companies Inc.,2018-03,1.5,11.1,22,9.3,123.74,TRV,A
The Travelers Companies Inc.,2018-03,1.5,11.1,22,9.3,129.89,TRV,A
The Travelers Companies Inc.,2018-04,1.5,11.1,22,9.3,120.85,TRV,A
The Travelers Companies Inc.,2018-05,1.5,11.1,22,9.3,115.04,TRV,A
The Travelers Companies Inc.,2018-06,1.5,11.1,22,9.3,123.11,TRV,A
The Travelers Companies Inc.,2018-07,1.5,11.1,22,9.3,124.49,TRV,A
The Travelers Companies Inc.,2018-08,1.5,11.1,22,9.3,122.70,TRV,A
The Travelers Companies Inc.,2018-09,1.5,11.1,22,9.3,119.06,TRV,A
The Travelers Companies Inc.,2018-10,1.5,11.1,22,9.3,124.04,TRV,A
The Travelers Companies Inc.,2018-12,1.5,11.1,22,9.3,113.94,TRV,A
The Travelers Companies Inc.,2019-01,1.5,11.1,22,9.3,120.19,TRV,A
The Travelers Companies Inc.,2019-02,1.5,11.1,22,9.3,127.24,TRV,A
The Travelers Companies Inc.,2019-03,1.5,11.1,22,9.3,138.43,TRV,A
The Travelers Companies Inc.,2019-03,1.5,11.1,22,9.3,131.31,TRV,A
The Travelers Companies Inc.,2019-04,1.5,11.1,22,9.3,140.18,TRV,A
The Travelers Companies Inc.,2019-05,1.5,11.1,22,9.3,143.99,TRV,A
The Travelers Companies Inc.,2019-06,1.5,11.1,22,9.3,141.97,TRV,A
The Travelers Companies Inc.,2019-07,1.5,11.1,22,9.3,142.30,TRV,A
The Travelers Companies Inc.,2019-08,1.5,11.1,22,9.3,143.98,TRV,A
The Travelers Companies Inc.,2019-09,1.5,11.1,22,9.3,127.59,TRV,A
The Travelers Companies Inc.,2019-10,1.5,11.1,22,9.3,133.10,TRV,A
The Travelers Companies Inc.,2019-12,1.5,11.1,22,9.3,133.33,TRV,A
The Travelers Companies Inc.,2020-01,1.5,11.1,22,9.3,128.92,TRV,A
The Travelers Companies Inc.,2020-02,1.5,11.1,22,9.3,117.35,TRV,A
The Travelers Companies Inc.,2020-03,1.5,11.1,22,9.3,99.79,TRV,A
The Travelers Companies Inc.,2020-03,1.5,11.1,22,9.3,97.31,TRV,A
The Travelers Companies Inc.,2020-04,1.5,11.1,22,9.3,105.48,TRV,A
The Travelers Companies Inc.,2020-05,1.5,11.1,22,9.3,112.45,TRV,A
The Travelers Companies Inc.,2020-06,1.5,11.1,22,9.3,113.56,TRV,A
The Travelers Companies Inc.,2020-07,1.5,11.1,22,9.3,115.17,TRV,A
The Travelers Companies Inc.,2020-08,1.5,11.1,22,9.3,107.38,TRV,A
The Travelers Companies Inc.,2020-09,1.5,11.1,22,9.3,120.71,TRV,A
The Travelers Companies Inc.,2020-10,1.5,11.1,22,9.3,129.65,TRV,A
UnitedHealth Group Incorporated,2016-05,0.0,5.8,21,15.4,131.52,UNH,CCC
UnitedHealth Group Incorporated,2016-06,0.0,5.8,21,15.4,133.99,UNH,CCC
UnitedHealth Group Incorporated,2016-07,0.0,5.8,21,15.4,127.30,UNH,CCC
UnitedHealth Group Incorporated,2016-08,0.0,5.8,21,15.4,131.00,UNH,CCC
UnitedHealth Group Incorporated,2016-09,0.0,5.8,21,15.4,132.85,UNH,CCC
UnitedHealth Group Incorporated,2016-10,0.0,5.8,21,15.4,148.82,UNH,CCC
UnitedHealth Group Incorporated,2016-12,0.0,5.8,21,15.4,151.04,UNH,CCC
UnitedHealth Group Incorporated,2017-01,0.0,5.8,21,15.4,152.98,UNH,CCC
UnitedHealth Group Incorporated,2017-02,0.0,5.8,21,15.4,156.08,UNH,CCC
UnitedHealth Group Incorporated,2017-03,0.0,5.8,21,15.4,165.66,UNH,CCC
UnitedHealth Group Incorporated,2017-03,0.0,5.8,21,15.4,154.78,UNH,CCC
UnitedHealth Group Incorporated,2017-04,0.0,5.8,21,15.4,165.94,UNH,CCC
UnitedHealth Group Incorporated,2017-05,0.0,5.8,21,15.4,175.64,UNH,B
UnitedHealth Group Incorporated,2017-06,0.0,5.8,21,15.4,182.45,UNH,B
UnitedHealth Group Incorporated,2017-07,0.0,5.8,21,15.4,189.19,UNH,B
UnitedHealth Group Incorporated,2017-08,0.0,5.8,21,15.4,186.29,UNH,B
UnitedHealth Group Incorporated,2017-09,0.0,5.8,21,15.4,200.72,UNH,B
UnitedHealth Group Incorporated,2017-10,0.0,5.8,21,15.4,201.58,UNH,B
UnitedHealth Group Incorporated,2017-12,0.0,5.8,21,15.4,211.20,UNH,B
UnitedHealth Group Incorporated,2018-01,0.0,5.8,21,15.4,226.84,UNH,B
UnitedHealth Group Incorporated,2018-02,0.0,5.8,21,15.4,216.66,UNH,B
UnitedHealth Group Incorporated,2018-03,0.0,5.8,21,15.4,227.22,UNH,B
UnitedHealth Group Incorporated,2018-03,0.0,5.8,21,15.4,205.01,UNH,B
UnitedHealth Group Incorporated,2018-04,0.0,5.8,21,15.4,232.13,UNH,B
UnitedHealth Group Incorporated,2018-05,0.0,5.8,21,15.4,235.82,UNH,B
UnitedHealth Group Incorporated,2018-06,0.0,5.8,21,15.4,244.25,UNH,BB
UnitedHealth Group Incorporated,2018-07,0.0,5.8,21,15.4,258.95,UNH,BB
UnitedHealth Group Incorporated,2018-08,0.0,5.8,21,15.4,256.62,UNH,BB
UnitedHealth Group Incorporated,2018-09,0.0,5.8,21,15.4,252.94,UNH,BB
UnitedHealth Group Incorporated,2018-10,0.0,5.8,21,15.4,272.31,UNH,BB
UnitedHealth Group Incorporated,2018-12,0.0,5.8,21,15.4,241.88,UNH,BB
UnitedHealth Group Incorporated,2019-01,0.0,5.8,21,15.4,262.35,UNH,BB
UnitedHealth Group Incorporated,2019-02,0.0,5.8,21,15.4,235.18,UNH,BB
UnitedHealth Group Incorporated,2019-03,0.0,5.8,21,15.4,227.16,UNH,BB
UnitedHealth Group Incorporated,2019-03,0.0,5.8,21,15.4,240.07,UNH,BB
UnitedHealth Group Incorporated,2019-04,0.0,5.8,21,15.4,235.67,UNH,BB
UnitedHealth Group Incorporated,2019-05,0.0,5.8,21,15.4,237.82,UNH,BB
UnitedHealth Group Incorporated,2019-06,0.0,5.8,21,15.4,243.77,UNH,BB
UnitedHealth Group Incorporated,2019-07,0.0,5.8,21,15.4,229.07,UNH,BB
UnitedHealth Group Incorporated,2019-08,0.0,5.8,21,15.4,212.75,UNH,BB
UnitedHealth Group Incorporated,2019-09,0.0,5.8,21,15.4,248.55,UNH,BB
UnitedHealth Group Incorporated,2019-10,0.0,5.8,21,15.4,275.27,UNH,BB
UnitedHealth Group Incorporated,2019-12,0.0,5.8,21,15.4,289.15,UNH,BB
UnitedHealth Group Incorporated,2020-01,0.0,5.8,21,15.4,269.00,UNH,BB
UnitedHealth Group Incorporated,2020-02,0.0,5.8,21,15.4,251.73,UNH,BB
UnitedHealth Group Incorporated,2020-03,0.0,5.8,21,15.4,290.02,UNH,BB
UnitedHealth Group Incorporated,2020-03,0.0,5.8,21,15.4,246.23,UNH,BB
UnitedHealth Group Incorporated,2020-04,0.0,5.8,21,15.4,302.30,UNH,BB
UnitedHealth Group Incorporated,2020-05,0.0,5.8,21,15.4,292.48,UNH,BB
UnitedHealth Group Incorporated,2020-06,0.0,5.8,21,15.4,301.54,UNH,BB
UnitedHealth Group Incorporated,2020-07,0.0,5.8,21,15.4,311.27,UNH,BB
UnitedHealth Group Incorporated,2020-08,0.0,5.8,21,15.4,310.49,UNH,BB
UnitedHealth Group Incorporated,2020-09,0.0,5.8,21,15.4,305.14,UNH,BB
UnitedHealth Group Incorporated,2020-10,0.0,5.8,21,15.4,336.34,UNH,BB
Visa Inc.,2017-05,0.1,7.4,17,9.8,91.69,V,BBB
Visa Inc.,2017-06,0.1,7.4,17,9.8,97.34,V,BBB
Visa Inc.,2017-07,0.1,7.4,17,9.8,101.21,V,BBB
Visa Inc.,2017-08,0.1,7.4,17,9.8,103.06,V,BBB
Visa Inc.,2017-09,0.1,7.4,17,9.8,107.70,V,BBB
Visa Inc.,2017-10,0.1,7.4,17,9.8,110.26,V,BBB
Visa Inc.,2017-12,0.1,7.4,17,9.8,111.85,V,A
Visa Inc.,2018-01,0.1,7.4,17,9.8,121.87,V,A
Visa Inc.,2018-02,0.1,7.4,17,9.8,120.61,V,A
Visa Inc.,2018-03,0.1,7.4,17,9.8,124.69,V,A
Visa Inc.,2018-03,0.1,7.4,17,9.8,117.55,V,A
Visa Inc.,2018-04,0.1,7.4,17,9.8,128.46,V,A
Visa Inc.,2018-05,0.1,7.4,17,9.8,130.37,V,A
Visa Inc.,2018-06,0.1,7.4,17,9.8,134.59,V,A
Visa Inc.,2018-07,0.1,7.4,17,9.8,144.58,V,A
Visa Inc.,2018-08,0.1,7.4,17,9.8,147.96,V,A
Visa Inc.,2018-09,0.1,7.4,17,9.8,135.89,V,A
Visa Inc.,2018-10,0.1,7.4,17,9.8,139.69,V,A
Visa Inc.,2018-12,0.1,7.4,17,9.8,130.30,V,A
Visa Inc.,2019-01,0.1,7.4,17,9.8,133.33,V,A
Visa Inc.,2019-02,0.1,7.4,17,9.8,146.28,V,A
Visa Inc.,2019-03,0.1,7.4,17,9.8,162.67,V,A
Visa Inc.,2019-03,0.1,7.4,17,9.8,154.51,V,A
Visa Inc.,2019-04,0.1,7.4,17,9.8,159.60,V,A
Visa Inc.,2019-05,0.1,7.4,17,9.8,171.95,V,A
Visa Inc.,2019-06,0.1,7.4,17,9.8,176.36,V,A
Visa Inc.,2019-07,0.1,7.4,17,9.8,179.15,V,A
Visa Inc.,2019-08,0.1,7.4,17,9.8,170.67,V,A
Visa Inc.,2019-09,0.1,7.4,17,9.8,174.79,V,A
Visa Inc.,2019-10,0.1,7.4,17,9.8,183.07,V,A
Visa Inc.,2019-12,0.1,7.4,17,9.8,186.75,V,A
Visa Inc.,2020-01,0.1,7.4,17,9.8,197.75,V,A
Visa Inc.,2020-02,0.1,7.4,17,9.8,180.65,V,A
Visa Inc.,2020-03,0.1,7.4,17,9.8,177.88,V,A
Visa Inc.,2020-03,0.1,7.4,17,9.8,160.37,V,A
Visa Inc.,2020-04,0.1,7.4,17,9.8,194.33,V,A
Visa Inc.,2020-05,0.1,7.4,17,9.8,192.59,V,A
Visa Inc.,2020-06,0.1,7.4,17,9.8,189.83,V,A
Visa Inc.,2020-07,0.1,7.4,17,9.8,211.35,V,A
Visa Inc.,2020-08,0.1,7.4,17,9.8,199.67,V,A
Visa Inc.,2020-09,0.1,7.4,17,9.8,181.44,V,A
Visa Inc.,2020-10,0.1,7.4,17,9.8,210.03,V,A
Verizon Communications Inc.,2017-02,1.7,6.2,18,10.2,41.98,VZ,BB
Verizon Communications Inc.,2017-03,1.7,6.2,18,10.2,38.83,VZ,BB
Verizon Communications Inc.,2017-03,1.7,6.2,18,10.2,41.23,VZ,BB
Verizon Communications Inc.,2017-04,1.7,6.2,18,10.2,39.92,VZ,BB
Verizon Communications Inc.,2017-05,1.7,6.2,18,10.2,38.22,VZ,BB
Verizon Communications Inc.,2017-06,1.7,6.2,18,10.2,41.43,VZ,BB
Verizon Communications Inc.,2017-07,1.7,6.2,18,10.2,41.60,VZ,BB
Verizon Communications Inc.,2017-08,1.7,6.2,18,10.2,42.91,VZ,BB
Verizon Communications Inc.,2017-09,1.7,6.2,18,10.2,41.51,VZ,BB
Verizon Communications Inc.,2017-10,1.7,6.2,18,10.2,44.66,VZ,BB
Verizon Communications Inc.,2017-12,1.7,6.2,18,10.2,46.45,VZ,BB
Verizon Communications Inc.,2018-01,1.7,6.2,18,10.2,47.45,VZ,BB
Verizon Communications Inc.,2018-02,1.7,6.2,18,10.2,42.37,VZ,BBB
Verizon Communications Inc.,2018-03,1.7,6.2,18,10.2,43.80,VZ,BBB
Verizon Communications Inc.,2018-03,1.7,6.2,18,10.2,42.44,VZ,BBB
Verizon Communications Inc.,2018-04,1.7,6.2,18,10.2,42.84,VZ,BBB
Verizon Communications Inc.,2018-05,1.7,6.2,18,10.2,45.21,VZ,BBB
Verizon Communications Inc.,2018-06,1.7,6.2,18,10.2,46.41,VZ,BBB
Verizon Communications Inc.,2018-07,1.7,6.2,18,10.2,49.43,VZ,BBB
Verizon Communications Inc.,2018-08,1.7,6.2,18,10.2,48.54,VZ,BBB
Verizon Communications Inc.,2018-09,1.7,6.2,18,10.2,51.90,VZ,BBB
Verizon Communications Inc.,2018-10,1.7,6.2,18,10.2,55.43,VZ,BBB
Verizon Communications Inc.,2018-12,1.7,6.2,18,10.2,51.68,VZ,BBB
Verizon Communications Inc.,2019-01,1.7,6.2,18,10.2,50.61,VZ,BBB
Verizon Communications Inc.,2019-02,1.7,6.2,18,10.2,52.87,VZ,BBB
Verizon Communications Inc.,2019-03,1.7,6.2,18,10.2,53.12,VZ,BB
Verizon Communications Inc.,2019-03,1.7,6.2,18,10.2,54.92,VZ,BB
Verizon Communications Inc.,2019-04,1.7,6.2,18,10.2,51.00,VZ,BB
Verizon Communications Inc.,2019-05,1.7,6.2,18,10.2,53.61,VZ,BB
Verizon Communications Inc.,2019-06,1.7,6.2,18,10.2,51.86,VZ,BB
Verizon Communications Inc.,2019-07,1.7,6.2,18,10.2,55.15,VZ,BB
Verizon Communications Inc.,2019-08,1.7,6.2,18,10.2,57.24,VZ,BB
Verizon Communications Inc.,2019-09,1.7,6.2,18,10.2,57.34,VZ,BB
Verizon Communications Inc.,2019-10,1.7,6.2,18,10.2,57.72,VZ,BB
Verizon Communications Inc.,2019-12,1.7,6.2,18,10.2,58.83,VZ,BB
Verizon Communications Inc.,2020-01,1.7,6.2,18,10.2,56.95,VZ,BB
Verizon Communications Inc.,2020-02,1.7,6.2,18,10.2,52.43,VZ,BBB
Verizon Communications Inc.,2020-03,1.7,6.2,18,10.2,55.62,VZ,BBB
Verizon Communications Inc.,2020-03,1.7,6.2,18,10.2,52.01,VZ,BBB
Verizon Communications Inc.,2020-04,1.7,6.2,18,10.2,56.14,VZ,BBB
Verizon Communications Inc.,2020-05,1.7,6.2,18,10.2,53.94,VZ,BBB
Verizon Communications Inc.,2020-06,1.7,6.2,18,10.2,56.24,VZ,BBB
Verizon Communications Inc.,2020-07,1.7,6.2,18,10.2,58.65,VZ,BBB
Verizon Communications Inc.,2020-08,1.7,6.2,18,10.2,58.86,VZ,BBB
Verizon Communications Inc.,2020-09,1.7,6.2,18,10.2,56.39,VZ,BBB
Verizon Communications Inc.,2020-10,1.7,6.2,18,10.2,60.41,VZ,BBB
Walgreens Boots Alliance Inc.,2016-08,1.8,4.7,17,10.9,71.35,WBA,B
Walgreens Boots Alliance Inc.,2016-09,1.8,4.7,17,10.9,73.21,WBA,B
Walgreens Boots Alliance Inc.,2016-10,1.8,4.7,17,10.9,74.98,WBA,B
Walgreens Boots Alliance Inc.,2016-12,1.8,4.7,17,10.9,73.58,WBA,B
Walgreens Boots Alliance Inc.,2017-01,1.8,4.7,17,10.9,72.85,WBA,B
Walgreens Boots Alliance Inc.,2017-02,1.8,4.7,17,10.9,76.80,WBA,B
Walgreens Boots Alliance Inc.,2017-03,1.8,4.7,17,10.9,77.29,WBA,B
Walgreens Boots Alliance Inc.,2017-03,1.8,4.7,17,10.9,74.17,WBA,B
Walgreens Boots Alliance Inc.,2017-04,1.8,4.7,17,10.9,72.36,WBA,B
Walgreens Boots Alliance Inc.,2017-05,1.8,4.7,17,10.9,70.25,WBA,B
Walgreens Boots Alliance Inc.,2017-06,1.8,4.7,17,10.9,72.36,WBA,B
Walgreens Boots Alliance Inc.,2017-07,1.8,4.7,17,10.9,73.11,WBA,B
Walgreens Boots Alliance Inc.,2017-08,1.8,4.7,17,10.9,69.61,WBA,BB
Walgreens Boots Alliance Inc.,2017-09,1.8,4.7,17,10.9,59.74,WBA,BB
Walgreens Boots Alliance Inc.,2017-10,1.8,4.7,17,10.9,65.59,WBA,BB
Walgreens Boots Alliance Inc.,2017-12,1.8,4.7,17,10.9,65.84,WBA,BB
Walgreens Boots Alliance Inc.,2018-01,1.8,4.7,17,10.9,68.24,WBA,BB
Walgreens Boots Alliance Inc.,2018-02,1.8,4.7,17,10.9,62.46,WBA,BB
Walgreens Boots Alliance Inc.,2018-03,1.8,4.7,17,10.9,60.60,WBA,BB
Walgreens Boots Alliance Inc.,2018-03,1.8,4.7,17,10.9,59.71,WBA,BB
Walgreens Boots Alliance Inc.,2018-04,1.8,4.7,17,10.9,56.90,WBA,BB
Walgreens Boots Alliance Inc.,2018-05,1.8,4.7,17,10.9,55.07,WBA,BB
Walgreens Boots Alliance Inc.,2018-06,1.8,4.7,17,10.9,62.05,WBA,BB
Walgreens Boots Alliance Inc.,2018-07,1.8,4.7,17,10.9,62.91,WBA,BB
Walgreens Boots Alliance Inc.,2018-08,1.8,4.7,17,10.9,67.32,WBA,BB
Walgreens Boots Alliance Inc.,2018-09,1.8,4.7,17,10.9,73.66,WBA,BB
Walgreens Boots Alliance Inc.,2018-10,1.8,4.7,17,10.9,78.19,WBA,BB
Walgreens Boots Alliance Inc.,2018-12,1.8,4.7,17,10.9,63.44,WBA,BB
Walgreens Boots Alliance Inc.,2019-01,1.8,4.7,17,10.9,67.09,WBA,BB
Walgreens Boots Alliance Inc.,2019-02,1.8,4.7,17,10.9,66.09,WBA,BB
Walgreens Boots Alliance Inc.,2019-03,1.8,4.7,17,10.9,50.04,WBA,BB
Walgreens Boots Alliance Inc.,2019-03,1.8,4.7,17,10.9,59.10,WBA,BB
Walgreens Boots Alliance Inc.,2019-04,1.8,4.7,17,10.9,46.09,WBA,BB
Walgreens Boots Alliance Inc.,2019-05,1.8,4.7,17,10.9,51.50,WBA,BB
Walgreens Boots Alliance Inc.,2019-06,1.8,4.7,17,10.9,51.33,WBA,BB
Walgreens Boots Alliance Inc.,2019-07,1.8,4.7,17,10.9,48.22,WBA,BB
Walgreens Boots Alliance Inc.,2019-08,1.8,4.7,17,10.9,52.58,WBA,BB
Walgreens Boots Alliance Inc.,2019-09,1.8,4.7,17,10.9,52.07,WBA,BB
Walgreens Boots Alliance Inc.,2019-10,1.8,4.7,17,10.9,56.66,WBA,BB
Walgreens Boots Alliance Inc.,2019-12,1.8,4.7,17,10.9,56.47,WBA,BBB
Walgreens Boots Alliance Inc.,2020-01,1.8,4.7,17,10.9,48.70,WBA,BBB
Walgreens Boots Alliance Inc.,2020-02,1.8,4.7,17,10.9,43.82,WBA,BBB
Walgreens Boots Alliance Inc.,2020-03,1.8,4.7,17,10.9,41.82,WBA,BBB
Walgreens Boots Alliance Inc.,2020-03,1.8,4.7,17,10.9,44.20,WBA,BBB
Walgreens Boots Alliance Inc.,2020-04,1.8,4.7,17,10.9,41.48,WBA,BBB
Walgreens Boots Alliance Inc.,2020-05,1.8,4.7,17,10.9,41.42,WBA,BBB
Walgreens Boots Alliance Inc.,2020-06,1.8,4.7,17,10.9,39.77,WBA,BBB
Walgreens Boots Alliance Inc.,2020-07,1.8,4.7,17,10.9,37.15,WBA,BBB
Walgreens Boots Alliance Inc.,2020-08,1.8,4.7,17,10.9,35.50,WBA,BBB
Walgreens Boots Alliance Inc.,2020-09,1.8,4.7,17,10.9,33.64,WBA,BBB
Walgreens Boots Alliance Inc.,2020-10,1.8,4.7,17,10.9,37.56,WBA,BBB
Walmart Inc.,2016-09,4.0,7.1,29,17.6,63.72,WMT,BBB
Walmart Inc.,2016-10,4.0,7.1,29,17.6,64.09,WMT,BBB
Walmart Inc.,2016-12,4.0,7.1,29,17.6,62.90,WMT,BBB
Walmart Inc.,2017-01,4.0,7.1,29,17.6,61.17,WMT,BBB
Walmart Inc.,2017-02,4.0,7.1,29,17.6,65.01,WMT,BBB
Walmart Inc.,2017-03,4.0,7.1,29,17.6,69.41,WMT,BBB
Walmart Inc.,2017-03,4.0,7.1,29,17.6,66.06,WMT,BBB
Walmart Inc.,2017-04,4.0,7.1,29,17.6,72.57,WMT,BBB
Walmart Inc.,2017-05,4.0,7.1,29,17.6,70.34,WMT,BBB
Walmart Inc.,2017-06,4.0,7.1,29,17.6,74.35,WMT,BBB
Walmart Inc.,2017-07,4.0,7.1,29,17.6,72.56,WMT,BBB
Walmart Inc.,2017-08,4.0,7.1,29,17.6,73.08,WMT,BB
Walmart Inc.,2017-09,4.0,7.1,29,17.6,81.66,WMT,BB
Walmart Inc.,2017-10,4.0,7.1,29,17.6,90.94,WMT,BB
Walmart Inc.,2017-12,4.0,7.1,29,17.6,92.36,WMT,BB
Walmart Inc.,2018-01,4.0,7.1,29,17.6,100.75,WMT,BB
Walmart Inc.,2018-02,4.0,7.1,29,17.6,85.07,WMT,BB
Walmart Inc.,2018-03,4.0,7.1,29,17.6,84.11,WMT,BB
Walmart Inc.,2018-03,4.0,7.1,29,17.6,84.09,WMT,BB
Walmart Inc.,2018-04,4.0,7.1,29,17.6,78.48,WMT,BB
Walmart Inc.,2018-05,4.0,7.1,29,17.6,81.95,WMT,BB
Walmart Inc.,2018-06,4.0,7.1,29,17.6,85.37,WMT,BB
Walmart Inc.,2018-07,4.0,7.1,29,17.6,91.72,WMT,BB
Walmart Inc.,2018-08,4.0,7.1,29,17.6,90.37,WMT,BB
Walmart Inc.,2018-09,4.0,7.1,29,17.6,96.50,WMT,BB
Walmart Inc.,2018-10,4.0,7.1,29,17.6,93.97,WMT,BB
Walmart Inc.,2018-12,4.0,7.1,29,17.6,89.64,WMT,BB
Walmart Inc.,2019-01,4.0,7.1,29,17.6,92.72,WMT,BB
Walmart Inc.,2019-02,4.0,7.1,29,17.6,95.78,WMT,BB
Walmart Inc.,2019-03,4.0,7.1,29,17.6,100.04,WMT,BB
Walmart Inc.,2019-03,4.0,7.1,29,17.6,94.37,WMT,BB
Walmart Inc.,2019-04,4.0,7.1,29,17.6,98.68,WMT,BB
Walmart Inc.,2019-05,4.0,7.1,29,17.6,108.05,WMT,BB
Walmart Inc.,2019-06,4.0,7.1,29,17.6,107.95,WMT,BB
Walmart Inc.,2019-07,4.0,7.1,29,17.6,111.74,WMT,BB
Walmart Inc.,2019-08,4.0,7.1,29,17.6,116.63,WMT,BB
Walmart Inc.,2019-09,4.0,7.1,29,17.6,117.05,WMT,BB
Walmart Inc.,2019-10,4.0,7.1,29,17.6,117.04,WMT,BBB
Walmart Inc.,2019-12,4.0,7.1,29,17.6,116.79,WMT,BBB
Walmart Inc.,2020-01,4.0,7.1,29,17.6,113.02,WMT,BBB
Walmart Inc.,2020-02,4.0,7.1,29,17.6,106.30,WMT,BBB
Walmart Inc.,2020-03,4.0,7.1,29,17.6,120.52,WMT,BBB
Walmart Inc.,2020-03,4.0,7.1,29,17.6,112.16,WMT,BBB
Walmart Inc.,2020-04,4.0,7.1,29,17.6,123.01,WMT,BBB
Walmart Inc.,2020-05,4.0,7.1,29,17.6,119.29,WMT,BBB
Walmart Inc.,2020-06,4.0,7.1,29,17.6,128.87,WMT,BBB
Walmart Inc.,2020-07,4.0,7.1,29,17.6,138.28,WMT,BBB
Walmart Inc.,2020-08,4.0,7.1,29,17.6,139.91,WMT,BBB
Walmart Inc.,2020-09,4.0,7.1,29,17.6,138.75,WMT,BBB
Walmart Inc.,2020-10,4.0,7.1,29,17.6,152.79,WMT,BBB
