company,date,environment,governance,month_year,riskscore,social,stock,symbol,rating
Apple Inc.,2016-08-31,0.5,10.2,2016-08,24,13.0,26.41,AAPL,A
Apple Inc.,2016-09-30,0.5,10.2,2016-09,24,13.0,26.53,AAPL,A
Apple Inc.,2016-10-31,0.5,10.2,2016-10,24,13.0,25.82,AAPL,A
Apple Inc.,2016-12-01,0.5,10.2,2016-12,24,13.0,27.20,AAPL,A
Apple Inc.,2017-01-01,0.5,10.2,2017-01,24,13.0,28.50,AAPL,A
Apple Inc.,2017-02-01,0.5,10.2,2017-02,24,13.0,32.17,AAPL,A
Apple Inc.,2017-03-01,0.5,10.2,2017-03,24,13.0,33.88,AAPL,A
Apple Inc.,2017-03-31,0.5,10.2,2017-03,24,13.0,33.88,AAPL,A
Apple Inc.,2017-04-30,0.5,10.2,2017-04,24,13.0,36.03,AAPL,A
Apple Inc.,2017-05-31,0.5,10.2,2017-05,24,13.0,34.11,AAPL,A
Apple Inc.,2017-06-30,0.5,10.2,2017-06,24,13.0,35.23,AAPL,A
Apple Inc.,2017-07-31,0.5,10.2,2017-07,24,13.0,38.84,AAPL,A
Apple Inc.,2017-08-31,0.5,10.2,2017-08,24,13.0,36.65,AAPL,A
Apple Inc.,2017-09-30,0.5,10.2,2017-09,24,13.0,40.19,AAPL,A
Apple Inc.,2017-10-31,0.5,10.2,2017-10,24,13.0,40.86,AAPL,A
Apple Inc.,2017-12-01,0.5,10.2,2017-12,24,13.0,40.38,AAPL,A
Apple Inc.,2018-01-01,0.5,10.2,2018-01,24,13.0,39.95,AAPL,A
Apple Inc.,2018-02-01,0.5,10.2,2018-02,24,13.0,42.50,AAPL,A
Apple Inc.,2018-03-01,0.5,10.2,2018-03,24,13.0,40.20,AAPL,A
Apple Inc.,2018-03-31,0.5,10.2,2018-03,24,13.0,39.60,AAPL,A
Apple Inc.,2018-04-30,0.5,10.2,2018-04,24,13.0,44.77,AAPL,A
Apple Inc.,2018-05-31,0.5,10.2,2018-05,24,13.0,44.52,AAPL,A
Apple Inc.,2018-06-30,0.5,10.2,2018-06,24,13.0,45.77,AAPL,A
Apple Inc.,2018-07-31,0.5,10.2,2018-07,24,13.0,54.75,AAPL,A
Apple Inc.,2018-08-31,0.5,10.2,2018-08,24,13.0,54.49,AAPL,A
Apple Inc.,2018-09-30,0.5,10.2,2018-09,24,13.0,52.83,AAPL,A
Apple Inc.,2018-10-31,0.5,10.2,2018-10,24,13.0,43.10,AAPL,A
Apple Inc.,2018-12-01,0.5,10.2,2018-12,24,13.0,38.21,AAPL,A
Apple Inc.,2019-01-01,0.5,10.2,2019-01,24,13.0,40.31,AAPL,A
Apple Inc.,2019-02-01,0.5,10.2,2019-02,24,13.0,41.94,AAPL,A
Apple Inc.,2019-03-01,0.5,10.2,2019-03,24,13.0,46.20,AAPL,A
Apple Inc.,2019-03-31,0.5,10.2,2019-03,24,13.0,48.81,AAPL,A
Apple Inc.,2019-04-30,0.5,10.2,2019-04,24,13.0,42.59,AAPL,A
Apple Inc.,2019-05-31,0.5,10.2,2019-05,24,13.0,48.33,AAPL,A
Apple Inc.,2019-06-30,0.5,10.2,2019-06,24,13.0,52.02,AAPL,A
Apple Inc.,2019-07-31,0.5,10.2,2019-07,24,13.0,50.97,AAPL,A
Apple Inc.,2019-08-31,0.5,10.2,2019-08,24,13.0,54.90,AAPL,A
Apple Inc.,2019-09-30,0.5,10.2,2019-09,24,13.0,60.97,AAPL,A
Apple Inc.,2019-10-31,0.5,10.2,2019-10,24,13.0,65.51,AAPL,A
Apple Inc.,2019-12-01,0.5,10.2,2019-12,24,13.0,72.19,AAPL,A
Apple Inc.,2020-01-01,0.5,10.2,2020-01,24,13.0,76.09,AAPL,A
Apple Inc.,2020-02-01,0.5,10.2,2020-02,24,13.0,67.20,AAPL,A
Apple Inc.,2020-03-01,0.5,10.2,2020-03,24,13.0,62.66,AAPL,A
Apple Inc.,2020-03-31,0.5,10.2,2020-03,24,13.0,72.40,AAPL,A
Apple Inc.,2020-04-30,0.5,10.2,2020-04,24,13.0,78.35,AAPL,A
Apple Inc.,2020-05-31,0.5,10.2,2020-05,24,13.0,90.88,AAPL,A
Apple Inc.,2020-06-30,0.5,10.2,2020-06,24,13.0,105.89,AAPL,A
Apple Inc.,2020-07-31,0.5,10.2,2020-07,24,13.0,128.59,AAPL,A
Apple Inc.,2020-08-31,0.5,10.2,2020-08,24,13.0,115.61,AAPL,A
Apple Inc.,2020-09-30,0.5,10.2,2020-09,24,13.0,108.67,AAPL,A
Apple Inc.,2020-10-31,0.5,10.2,2020-10,24,13.0,118.84,AAPL,A
Amgen Inc.,2016-10-31,0.0,6.8,2016-10,20,13.6,127.71,AMGN,BBB
Amgen Inc.,2016-12-01,0.0,6.8,2016-12,20,13.6,130.48,AMGN,BBB
Amgen Inc.,2017-01-01,0.0,6.8,2017-01,20,13.6,139.83,AMGN,BBB
Amgen Inc.,2017-02-01,0.0,6.8,2017-02,20,13.6,157.54,AMGN,BBB
Amgen Inc.,2017-03-01,0.0,6.8,2017-03,20,13.6,147.43,AMGN,BBB
Amgen Inc.,2017-03-31,0.0,6.8,2017-03,20,13.6,146.76,AMGN,BBB
Amgen Inc.,2017-04-30,0.0,6.8,2017-04,20,13.6,139.50,AMGN,BBB
Amgen Inc.,2017-05-31,0.0,6.8,2017-05,20,13.6,155.88,AMGN,BBB
Amgen Inc.,2017-06-30,0.0,6.8,2017-06,20,13.6,157.95,AMGN,BBB
Amgen Inc.,2017-07-31,0.0,6.8,2017-07,20,13.6,160.90,AMGN,BBB
Amgen Inc.,2017-08-31,0.0,6.8,2017-08,20,13.6,169.89,AMGN,BBB
Amgen Inc.,2017-09-30,0.0,6.8,2017-09,20,13.6,159.66,AMGN,BBB
Amgen Inc.,2017-10-31,0.0,6.8,2017-10,20,13.6,160.06,AMGN,BBB
Amgen Inc.,2017-12-01,0.0,6.8,2017-12,20,13.6,159.54,AMGN,BBB
Amgen Inc.,2018-01-01,0.0,6.8,2018-01,20,13.6,170.69,AMGN,BBB
Amgen Inc.,2018-02-01,0.0,6.8,2018-02,20,13.6,168.60,AMGN,BBB
Amgen Inc.,2018-03-01,0.0,6.8,2018-03,20,13.6,157.59,AMGN,BBB
Amgen Inc.,2018-03-31,0.0,6.8,2018-03,20,13.6,161.28,AMGN,BBB
Amgen Inc.,2018-04-30,0.0,6.8,2018-04,20,13.6,166.03,AMGN,BBB
Amgen Inc.,2018-05-31,0.0,6.8,2018-05,20,13.6,171.94,AMGN,BBB
Amgen Inc.,2018-06-30,0.0,6.8,2018-06,20,13.6,183.09,AMGN,BBB
Amgen Inc.,2018-07-31,0.0,6.8,2018-07,20,13.6,186.12,AMGN,BBB
Amgen Inc.,2018-08-31,0.0,6.8,2018-08,20,13.6,194.40,AMGN,BBB
Amgen Inc.,2018-09-30,0.0,6.8,2018-09,20,13.6,180.81,AMGN,BBB
Amgen Inc.,2018-10-31,0.0,6.8,2018-10,20,13.6,195.30,AMGN,A
Amgen Inc.,2018-12-01,0.0,6.8,2018-12,20,13.6,183.84,AMGN,A
Amgen Inc.,2019-01-01,0.0,6.8,2019-01,20,13.6,176.70,AMGN,A
Amgen Inc.,2019-02-01,0.0,6.8,2019-02,20,13.6,179.51,AMGN,A
Amgen Inc.,2019-03-01,0.0,6.8,2019-03,20,13.6,180.80,AMGN,A
Amgen Inc.,2019-03-31,0.0,6.8,2019-03,20,13.6,170.66,AMGN,A
Amgen Inc.,2019-04-30,0.0,6.8,2019-04,20,13.6,158.65,AMGN,A
Amgen Inc.,2019-05-31,0.0,6.8,2019-05,20,13.6,176.89,AMGN,A
Amgen Inc.,2019-06-30,0.0,6.8,2019-06,20,13.6,179.09,AMGN,AA
Amgen Inc.,2019-07-31,0.0,6.8,2019-07,20,13.6,200.25,AMGN,AA
Amgen Inc.,2019-08-31,0.0,6.8,2019-08,20,13.6,187.06,AMGN,AA
Amgen Inc.,2019-09-30,0.0,6.8,2019-09,20,13.6,206.14,AMGN,AA
Amgen Inc.,2019-10-31,0.0,6.8,2019-10,20,13.6,226.90,AMGN,AA
Amgen Inc.,2019-12-01,0.0,6.8,2019-12,20,13.6,234.59,AMGN,AA
Amgen Inc.,2020-01-01,0.0,6.8,2020-01,20,13.6,210.24,AMGN,AA
Amgen Inc.,2020-02-01,0.0,6.8,2020-02,20,13.6,194.36,AMGN,AA
Amgen Inc.,2020-03-01,0.0,6.8,2020-03,20,13.6,198.68,AMGN,AA
Amgen Inc.,2020-03-31,0.0,6.8,2020-03,20,13.6,234.44,AMGN,AA
Amgen Inc.,2020-04-30,0.0,6.8,2020-04,20,13.6,225.11,AMGN,AA
Amgen Inc.,2020-05-31,0.0,6.8,2020-05,20,13.6,232.71,AMGN,AA
Amgen Inc.,2020-06-30,0.0,6.8,2020-06,20,13.6,241.40,AMGN,AA
Amgen Inc.,2020-07-31,0.0,6.8,2020-07,20,13.6,249.94,AMGN,AA
Amgen Inc.,2020-08-31,0.0,6.8,2020-08,20,13.6,252.45,AMGN,AA
Amgen Inc.,2020-09-30,0.0,6.8,2020-09,20,13.6,215.48,AMGN,AA
Amgen Inc.,2020-10-31,0.0,6.8,2020-10,20,13.6,220.54,AMGN,AA
American Express Company,2017-01-01,0.1,9.8,2017-01,20,9.9,71.74,AXP,A
American Express Company,2017-02-01,0.1,9.8,2017-02,20,9.9,75.52,AXP,A
American Express Company,2017-03-01,0.1,9.8,2017-03,20,9.9,74.62,AXP,A
American Express Company,2017-03-31,0.1,9.8,2017-03,20,9.9,74.75,AXP,A
American Express Company,2017-04-30,0.1,9.8,2017-04,20,9.9,72.87,AXP,A
American Express Company,2017-05-31,0.1,9.8,2017-05,20,9.9,79.79,AXP,A
American Express Company,2017-06-30,0.1,9.8,2017-06,20,9.9,80.72,AXP,A
American Express Company,2017-07-31,0.1,9.8,2017-07,20,9.9,81.85,AXP,A
American Express Company,2017-08-31,0.1,9.8,2017-08,20,9.9,86.00,AXP,A
American Express Company,2017-09-30,0.1,9.8,2017-09,20,9.9,90.81,AXP,A
American Express Company,2017-10-31,0.1,9.8,2017-10,20,9.9,93.25,AXP,A
American Express Company,2017-12-01,0.1,9.8,2017-12,20,9.9,94.78,AXP,A
American Express Company,2018-01-01,0.1,9.8,2018-01,20,9.9,94.86,AXP,AA
American Express Company,2018-02-01,0.1,9.8,2018-02,20,9.9,93.39,AXP,AA
American Express Company,2018-03-01,0.1,9.8,2018-03,20,9.9,89.34,AXP,AA
American Express Company,2018-03-31,0.1,9.8,2018-03,20,9.9,94.58,AXP,AA
American Express Company,2018-04-30,0.1,9.8,2018-04,20,9.9,94.50,AXP,AA
American Express Company,2018-05-31,0.1,9.8,2018-05,20,9.9,94.21,AXP,AA
American Express Company,2018-06-30,0.1,9.8,2018-06,20,9.9,95.67,AXP,AA
American Express Company,2018-07-31,0.1,9.8,2018-07,20,9.9,102.25,AXP,AA
American Express Company,2018-08-31,0.1,9.8,2018-08,20,9.9,102.74,AXP,AA
American Express Company,2018-09-30,0.1,9.8,2018-09,20,9.9,99.11,AXP,AA
American Express Company,2018-10-31,0.1,9.8,2018-10,20,9.9,108.71,AXP,AA
American Express Company,2018-12-01,0.1,9.8,2018-12,20,9.9,92.29,AXP,AA
American Express Company,2019-01-01,0.1,9.8,2019-01,20,9.9,99.44,AXP,AA
American Express Company,2019-02-01,0.1,9.8,2019-02,20,9.9,104.75,AXP,AA
American Express Company,2019-03-01,0.1,9.8,2019-03,20,9.9,106.26,AXP,AA
American Express Company,2019-03-31,0.1,9.8,2019-03,20,9.9,113.97,AXP,AA
American Express Company,2019-04-30,0.1,9.8,2019-04,20,9.9,111.92,AXP,AA
American Express Company,2019-05-31,0.1,9.8,2019-05,20,9.9,120.44,AXP,AA
American Express Company,2019-06-30,0.1,9.8,2019-06,20,9.9,121.34,AXP,AA
American Express Company,2019-07-31,0.1,9.8,2019-07,20,9.9,117.81,AXP,AA
American Express Company,2019-08-31,0.1,9.8,2019-08,20,9.9,115.76,AXP,AA
American Express Company,2019-09-30,0.1,9.8,2019-09,20,9.9,114.78,AXP,AA
American Express Company,2019-10-31,0.1,9.8,2019-10,20,9.9,118.01,AXP,AA
American Express Company,2019-12-01,0.1,9.8,2019-12,20,9.9,122.31,AXP,AA
American Express Company,2020-01-01,0.1,9.8,2020-01,20,9.9,127.59,AXP,AA
American Express Company,2020-02-01,0.1,9.8,2020-02,20,9.9,108.38,AXP,AA
American Express Company,2020-03-01,0.1,9.8,2020-03,20,9.9,84.40,AXP,AA
American Express Company,2020-03-31,0.1,9.8,2020-03,20,9.9,89.96,AXP,AA
American Express Company,2020-04-30,0.1,9.8,2020-04,20,9.9,94.25,AXP,AA
American Express Company,2020-05-31,0.1,9.8,2020-05,20,9.9,94.38,AXP,AA
American Express Company,2020-06-30,0.1,9.8,2020-06,20,9.9,92.51,AXP,AA
American Express Company,2020-07-31,0.1,9.8,2020-07,20,9.9,101.17,AXP,AA
American Express Company,2020-08-31,0.1,9.8,2020-08,20,9.9,99.83,AXP,AA
American Express Company,2020-09-30,0.1,9.8,2020-09,20,9.9,90.86,AXP,AA
American Express Company,2020-10-31,0.1,9.8,2020-10,20,9.9,118.59,AXP,AA
Caterpillar Inc.,2017-05-31,10.7,8.9,2017-05,39,19.7,97.93,CAT,AA
Caterpillar Inc.,2017-06-30,10.7,8.9,2017-06,39,19.7,103.84,CAT,AA
Caterpillar Inc.,2017-07-31,10.7,8.9,2017-07,39,19.7,107.84,CAT,AA
Caterpillar Inc.,2017-08-31,10.7,8.9,2017-08,39,19.7,114.47,CAT,AA
Caterpillar Inc.,2017-09-30,10.7,8.9,2017-09,39,19.7,124.65,CAT,AA
Caterpillar Inc.,2017-10-31,10.7,8.9,2017-10,39,19.7,130.33,CAT,AA
Caterpillar Inc.,2017-12-01,10.7,8.9,2017-12,39,19.7,145.50,CAT,AA
Caterpillar Inc.,2018-01-01,10.7,8.9,2018-01,39,19.7,150.30,CAT,AA
Caterpillar Inc.,2018-02-01,10.7,8.9,2018-02,39,19.7,143.44,CAT,AA
Caterpillar Inc.,2018-03-01,10.7,8.9,2018-03,39,19.7,136.71,CAT,AA
Caterpillar Inc.,2018-03-31,10.7,8.9,2018-03,39,19.7,133.91,CAT,AA
Caterpillar Inc.,2018-04-30,10.7,8.9,2018-04,39,19.7,141.63,CAT,AA
Caterpillar Inc.,2018-05-31,10.7,8.9,2018-05,39,19.7,126.49,CAT,AA
Caterpillar Inc.,2018-06-30,10.7,8.9,2018-06,39,19.7,134.07,CAT,AA
Caterpillar Inc.,2018-07-31,10.7,8.9,2018-07,39,19.7,130.24,CAT,AA
Caterpillar Inc.,2018-08-31,10.7,8.9,2018-08,39,19.7,143.04,CAT,AA
Caterpillar Inc.,2018-09-30,10.7,8.9,2018-09,39,19.7,113.80,CAT,AA
Caterpillar Inc.,2018-10-31,10.7,8.9,2018-10,39,19.7,128.07,CAT,AA
Caterpillar Inc.,2018-12-01,10.7,8.9,2018-12,39,19.7,119.95,CAT,AA
Caterpillar Inc.,2019-01-01,10.7,8.9,2019-01,39,19.7,125.70,CAT,AA
Caterpillar Inc.,2019-02-01,10.7,8.9,2019-02,39,19.7,130.48,CAT,AA
Caterpillar Inc.,2019-03-01,10.7,8.9,2019-03,39,19.7,128.73,CAT,AA
Caterpillar Inc.,2019-03-31,10.7,8.9,2019-03,39,19.7,132.46,CAT,AA
Caterpillar Inc.,2019-04-30,10.7,8.9,2019-04,39,19.7,114.52,CAT,AA
Caterpillar Inc.,2019-05-31,10.7,8.9,2019-05,39,19.7,130.27,CAT,AA
Caterpillar Inc.,2019-06-30,10.7,8.9,2019-06,39,19.7,125.85,CAT,A
Caterpillar Inc.,2019-07-31,10.7,8.9,2019-07,39,19.7,114.62,CAT,A
Caterpillar Inc.,2019-08-31,10.7,8.9,2019-08,39,19.7,121.66,CAT,A
Caterpillar Inc.,2019-09-30,10.7,8.9,2019-09,39,19.7,132.73,CAT,A
Caterpillar Inc.,2019-10-31,10.7,8.9,2019-10,39,19.7,140.50,CAT,A
Caterpillar Inc.,2019-12-01,10.7,8.9,2019-12,39,19.7,143.36,CAT,A
Caterpillar Inc.,2020-01-01,10.7,8.9,2020-01,39,19.7,127.51,CAT,A
Caterpillar Inc.,2020-02-01,10.7,8.9,2020-02,39,19.7,121.45,CAT,A
Caterpillar Inc.,2020-03-01,10.7,8.9,2020-03,39,19.7,113.44,CAT,A
Caterpillar Inc.,2020-03-31,10.7,8.9,2020-03,39,19.7,113.77,CAT,A
Caterpillar Inc.,2020-04-30,10.7,8.9,2020-04,39,19.7,118.51,CAT,A
Caterpillar Inc.,2020-05-31,10.7,8.9,2020-05,39,19.7,124.80,CAT,A
Caterpillar Inc.,2020-06-30,10.7,8.9,2020-06,39,19.7,131.09,CAT,A
Caterpillar Inc.,2020-07-31,10.7,8.9,2020-07,39,19.7,141.45,CAT,A
Caterpillar Inc.,2020-08-31,10.7,8.9,2020-08,39,19.7,148.24,CAT,A
Caterpillar Inc.,2020-09-30,10.7,8.9,2020-09,39,19.7,156.10,CAT,A
Caterpillar Inc.,2020-10-31,10.7,8.9,2020-10,39,19.7,173.59,CAT,A
salesforce.com inc.,2016-07-31,0.5,4.3,2016-07,11,6.5,79.42,CRM,A
salesforce.com inc.,2016-08-31,0.5,4.3,2016-08,11,6.5,71.33,CRM,A
salesforce.com inc.,2016-09-30,0.5,4.3,2016-09,11,6.5,75.16,CRM,A
salesforce.com inc.,2016-10-31,0.5,4.3,2016-10,11,6.5,72.00,CRM,A
salesforce.com inc.,2016-12-01,0.5,4.3,2016-12,11,6.5,68.46,CRM,A
salesforce.com inc.,2017-01-01,0.5,4.3,2017-01,11,6.5,79.10,CRM,A
salesforce.com inc.,2017-02-01,0.5,4.3,2017-02,11,6.5,81.35,CRM,A
salesforce.com inc.,2017-03-01,0.5,4.3,2017-03,11,6.5,82.49,CRM,A
salesforce.com inc.,2017-03-31,0.5,4.3,2017-03,11,6.5,86.12,CRM,A
salesforce.com inc.,2017-04-30,0.5,4.3,2017-04,11,6.5,89.64,CRM,A
salesforce.com inc.,2017-05-31,0.5,4.3,2017-05,11,6.5,86.60,CRM,A
salesforce.com inc.,2017-06-30,0.5,4.3,2017-06,11,6.5,90.80,CRM,AA
salesforce.com inc.,2017-07-31,0.5,4.3,2017-07,11,6.5,95.49,CRM,AA
salesforce.com inc.,2017-08-31,0.5,4.3,2017-08,11,6.5,93.42,CRM,AA
salesforce.com inc.,2017-09-30,0.5,4.3,2017-09,11,6.5,102.34,CRM,AA
salesforce.com inc.,2017-10-31,0.5,4.3,2017-10,11,6.5,104.32,CRM,AA
salesforce.com inc.,2017-12-01,0.5,4.3,2017-12,11,6.5,102.23,CRM,AA
salesforce.com inc.,2018-01-01,0.5,4.3,2018-01,11,6.5,113.91,CRM,AA
salesforce.com inc.,2018-02-01,0.5,4.3,2018-02,11,6.5,116.25,CRM,AA
salesforce.com inc.,2018-03-01,0.5,4.3,2018-03,11,6.5,116.30,CRM,AA
salesforce.com inc.,2018-03-31,0.5,4.3,2018-03,11,6.5,120.99,CRM,AA
salesforce.com inc.,2018-04-30,0.5,4.3,2018-04,11,6.5,129.33,CRM,AA
salesforce.com inc.,2018-05-31,0.5,4.3,2018-05,11,6.5,136.40,CRM,AA
salesforce.com inc.,2018-06-30,0.5,4.3,2018-06,11,6.5,137.15,CRM,AAA
salesforce.com inc.,2018-07-31,0.5,4.3,2018-07,11,6.5,152.68,CRM,AAA
salesforce.com inc.,2018-08-31,0.5,4.3,2018-08,11,6.5,159.03,CRM,AAA
salesforce.com inc.,2018-09-30,0.5,4.3,2018-09,11,6.5,137.24,CRM,AAA
salesforce.com inc.,2018-10-31,0.5,4.3,2018-10,11,6.5,142.76,CRM,AAA
salesforce.com inc.,2018-12-01,0.5,4.3,2018-12,11,6.5,136.97,CRM,AAA
salesforce.com inc.,2019-01-01,0.5,4.3,2019-01,11,6.5,151.97,CRM,AAA
salesforce.com inc.,2019-02-01,0.5,4.3,2019-02,11,6.5,163.65,CRM,AAA
salesforce.com inc.,2019-03-01,0.5,4.3,2019-03,11,6.5,158.37,CRM,AAA
salesforce.com inc.,2019-03-31,0.5,4.3,2019-03,11,6.5,165.35,CRM,AAA
salesforce.com inc.,2019-04-30,0.5,4.3,2019-04,11,6.5,151.41,CRM,AAA
salesforce.com inc.,2019-05-31,0.5,4.3,2019-05,11,6.5,151.73,CRM,AAA
salesforce.com inc.,2019-06-30,0.5,4.3,2019-06,11,6.5,154.50,CRM,AAA
salesforce.com inc.,2019-07-31,0.5,4.3,2019-07,11,6.5,156.07,CRM,AAA
salesforce.com inc.,2019-08-31,0.5,4.3,2019-08,11,6.5,148.44,CRM,AAA
salesforce.com inc.,2019-09-30,0.5,4.3,2019-09,11,6.5,156.49,CRM,AAA
salesforce.com inc.,2019-10-31,0.5,4.3,2019-10,11,6.5,162.89,CRM,AAA
salesforce.com inc.,2019-12-01,0.5,4.3,2019-12,11,6.5,162.64,CRM,AAA
salesforce.com inc.,2020-01-01,0.5,4.3,2020-01,11,6.5,182.31,CRM,AAA
salesforce.com inc.,2020-02-01,0.5,4.3,2020-02,11,6.5,170.40,CRM,AAA
salesforce.com inc.,2020-03-01,0.5,4.3,2020-03,11,6.5,143.98,CRM,AAA
salesforce.com inc.,2020-03-31,0.5,4.3,2020-03,11,6.5,161.95,CRM,AAA
salesforce.com inc.,2020-04-30,0.5,4.3,2020-04,11,6.5,174.79,CRM,AAA
salesforce.com inc.,2020-05-31,0.5,4.3,2020-05,11,6.5,187.33,CRM,AAA
salesforce.com inc.,2020-06-30,0.5,4.3,2020-06,11,6.5,194.85,CRM,AAA
salesforce.com inc.,2020-07-31,0.5,4.3,2020-07,11,6.5,272.65,CRM,AAA
salesforce.com inc.,2020-08-31,0.5,4.3,2020-08,11,6.5,251.32,CRM,AAA
salesforce.com inc.,2020-09-30,0.5,4.3,2020-09,11,6.5,232.27,CRM,AAA
salesforce.com inc.,2020-10-31,0.5,4.3,2020-10,11,6.5,245.80,CRM,AAA
Cisco Systems Inc.,2016-08-31,0.5,5.9,2016-08,12,5.9,27.72,CSCO,A
Cisco Systems Inc.,2016-09-30,0.5,5.9,2016-09,12,5.9,26.81,CSCO,A
Cisco Systems Inc.,2016-10-31,0.5,5.9,2016-10,12,5.9,26.27,CSCO,A
Cisco Systems Inc.,2016-12-01,0.5,5.9,2016-12,12,5.9,26.62,CSCO,A
Cisco Systems Inc.,2017-01-01,0.5,5.9,2017-01,12,5.9,27.06,CSCO,A
Cisco Systems Inc.,2017-02-01,0.5,5.9,2017-02,12,5.9,30.37,CSCO,A
Cisco Systems Inc.,2017-03-01,0.5,5.9,2017-03,12,5.9,30.03,CSCO,A
Cisco Systems Inc.,2017-03-31,0.5,5.9,2017-03,12,5.9,30.27,CSCO,A
Cisco Systems Inc.,2017-04-30,0.5,5.9,2017-04,12,5.9,28.26,CSCO,A
Cisco Systems Inc.,2017-05-31,0.5,5.9,2017-05,12,5.9,28.05,CSCO,A
Cisco Systems Inc.,2017-06-30,0.5,5.9,2017-06,12,5.9,28.19,CSCO,A
Cisco Systems Inc.,2017-07-31,0.5,5.9,2017-07,12,5.9,29.14,CSCO,A
Cisco Systems Inc.,2017-08-31,0.5,5.9,2017-08,12,5.9,30.42,CSCO,A
Cisco Systems Inc.,2017-09-30,0.5,5.9,2017-09,12,5.9,30.89,CSCO,A
Cisco Systems Inc.,2017-10-31,0.5,5.9,2017-10,12,5.9,34.04,CSCO,A
Cisco Systems Inc.,2017-12-01,0.5,5.9,2017-12,12,5.9,34.95,CSCO,A
Cisco Systems Inc.,2018-01-01,0.5,5.9,2018-01,12,5.9,37.90,CSCO,A
Cisco Systems Inc.,2018-02-01,0.5,5.9,2018-02,12,5.9,41.17,CSCO,A
Cisco Systems Inc.,2018-03-01,0.5,5.9,2018-03,12,5.9,39.43,CSCO,A
Cisco Systems Inc.,2018-03-31,0.5,5.9,2018-03,12,5.9,40.72,CSCO,A
Cisco Systems Inc.,2018-04-30,0.5,5.9,2018-04,12,5.9,39.58,CSCO,A
Cisco Systems Inc.,2018-05-31,0.5,5.9,2018-05,12,5.9,39.87,CSCO,A
Cisco Systems Inc.,2018-06-30,0.5,5.9,2018-06,12,5.9,39.19,CSCO,A
Cisco Systems Inc.,2018-07-31,0.5,5.9,2018-07,12,5.9,44.61,CSCO,A
Cisco Systems Inc.,2018-08-31,0.5,5.9,2018-08,12,5.9,45.43,CSCO,A
Cisco Systems Inc.,2018-09-30,0.5,5.9,2018-09,12,5.9,42.73,CSCO,A
Cisco Systems Inc.,2018-10-31,0.5,5.9,2018-10,12,5.9,45.01,CSCO,A
Cisco Systems Inc.,2018-12-01,0.5,5.9,2018-12,12,5.9,40.74,CSCO,A
Cisco Systems Inc.,2019-01-01,0.5,5.9,2019-01,12,5.9,44.46,CSCO,A
Cisco Systems Inc.,2019-02-01,0.5,5.9,2019-02,12,5.9,49.05,CSCO,A
Cisco Systems Inc.,2019-03-01,0.5,5.9,2019-03,12,5.9,51.16,CSCO,A
Cisco Systems Inc.,2019-03-31,0.5,5.9,2019-03,12,5.9,53.01,CSCO,A
Cisco Systems Inc.,2019-04-30,0.5,5.9,2019-04,12,5.9,49.61,CSCO,A
Cisco Systems Inc.,2019-05-31,0.5,5.9,2019-05,12,5.9,52.18,CSCO,A
Cisco Systems Inc.,2019-06-30,0.5,5.9,2019-06,12,5.9,52.82,CSCO,A
Cisco Systems Inc.,2019-07-31,0.5,5.9,2019-07,12,5.9,44.91,CSCO,A
Cisco Systems Inc.,2019-08-31,0.5,5.9,2019-08,12,5.9,47.41,CSCO,A
Cisco Systems Inc.,2019-09-30,0.5,5.9,2019-09,12,5.9,45.59,CSCO,A
Cisco Systems Inc.,2019-10-31,0.5,5.9,2019-10,12,5.9,43.80,CSCO,A
Cisco Systems Inc.,2019-12-01,0.5,5.9,2019-12,12,5.9,46.37,CSCO,A
Cisco Systems Inc.,2020-01-01,0.5,5.9,2020-01,12,5.9,44.44,CSCO,A
Cisco Systems Inc.,2020-02-01,0.5,5.9,2020-02,12,5.9,38.89,CSCO,A
Cisco Systems Inc.,2020-03-01,0.5,5.9,2020-03,12,5.9,38.28,CSCO,A
Cisco Systems Inc.,2020-03-31,0.5,5.9,2020-03,12,5.9,41.27,CSCO,A
Cisco Systems Inc.,2020-04-30,0.5,5.9,2020-04,12,5.9,47.01,CSCO,AA
Cisco Systems Inc.,2020-05-31,0.5,5.9,2020-05,12,5.9,45.85,CSCO,AA
Cisco Systems Inc.,2020-06-30,0.5,5.9,2020-06,12,5.9,46.30,CSCO,AA
Cisco Systems Inc.,2020-07-31,0.5,5.9,2020-07,12,5.9,41.83,CSCO,AA
Cisco Systems Inc.,2020-08-31,0.5,5.9,2020-08,12,5.9,39.03,CSCO,AA
Cisco Systems Inc.,2020-09-30,0.5,5.9,2020-09,12,5.9,35.57,CSCO,AA
Cisco Systems Inc.,2020-10-31,0.5,5.9,2020-10,12,5.9,43.02,CSCO,AA
Chevron Corporation,2017-07-31,18.3,10.0,2017-07,40,12.0,92.43,CVX,B
Chevron Corporation,2017-08-31,18.3,10.0,2017-08,40,12.0,101.93,CVX,B
Chevron Corporation,2017-09-30,18.3,10.0,2017-09,40,12.0,100.54,CVX,B
Chevron Corporation,2017-10-31,18.3,10.0,2017-10,40,12.0,103.23,CVX,B
Chevron Corporation,2017-12-01,18.3,10.0,2017-12,40,12.0,109.62,CVX,B
Chevron Corporation,2018-01-01,18.3,10.0,2018-01,40,12.0,109.76,CVX,B
Chevron Corporation,2018-02-01,18.3,10.0,2018-02,40,12.0,98.00,CVX,B
Chevron Corporation,2018-03-01,18.3,10.0,2018-03,40,12.0,100.85,CVX,B
Chevron Corporation,2018-03-31,18.3,10.0,2018-03,40,12.0,110.64,CVX,B
Chevron Corporation,2018-04-30,18.3,10.0,2018-04,40,12.0,109.93,CVX,B
Chevron Corporation,2018-05-31,18.3,10.0,2018-05,40,12.0,112.78,CVX,B
Chevron Corporation,2018-06-30,18.3,10.0,2018-06,40,12.0,112.64,CVX,B
Chevron Corporation,2018-07-31,18.3,10.0,2018-07,40,12.0,105.67,CVX,B
Chevron Corporation,2018-08-31,18.3,10.0,2018-08,40,12.0,110.13,CVX,B
Chevron Corporation,2018-09-30,18.3,10.0,2018-09,40,12.0,100.55,CVX,B
Chevron Corporation,2018-10-31,18.3,10.0,2018-10,40,12.0,107.12,CVX,B
Chevron Corporation,2018-12-01,18.3,10.0,2018-12,40,12.0,98.94,CVX,B
Chevron Corporation,2019-01-01,18.3,10.0,2019-01,40,12.0,104.27,CVX,B
Chevron Corporation,2019-02-01,18.3,10.0,2019-02,40,12.0,108.75,CVX,B
Chevron Corporation,2019-03-01,18.3,10.0,2019-03,40,12.0,113.15,CVX,B
Chevron Corporation,2019-03-31,18.3,10.0,2019-03,40,12.0,110.28,CVX,B
Chevron Corporation,2019-04-30,18.3,10.0,2019-04,40,12.0,104.58,CVX,BB
Chevron Corporation,2019-05-31,18.3,10.0,2019-05,40,12.0,115.43,CVX,BB
Chevron Corporation,2019-06-30,18.3,10.0,2019-06,40,12.0,114.20,CVX,BB
Chevron Corporation,2019-07-31,18.3,10.0,2019-07,40,12.0,109.20,CVX,BB
Chevron Corporation,2019-08-31,18.3,10.0,2019-08,40,12.0,111.15,CVX,BB
Chevron Corporation,2019-09-30,18.3,10.0,2019-09,40,12.0,110.19,CVX,BB
Chevron Corporation,2019-10-31,18.3,10.0,2019-10,40,12.0,109.77,CVX,BBB
Chevron Corporation,2019-12-01,18.3,10.0,2019-12,40,12.0,114.05,CVX,BBB
Chevron Corporation,2020-01-01,18.3,10.0,2020-01,40,12.0,101.39,CVX,BBB
Chevron Corporation,2020-02-01,18.3,10.0,2020-02,40,12.0,88.33,CVX,BBB
Chevron Corporation,2020-03-01,18.3,10.0,2020-03,40,12.0,69.38,CVX,BBB
Chevron Corporation,2020-03-31,18.3,10.0,2020-03,40,12.0,88.08,CVX,BBB
Chevron Corporation,2020-04-30,18.3,10.0,2020-04,40,12.0,87.80,CVX,BBB
Chevron Corporation,2020-05-31,18.3,10.0,2020-05,40,12.0,86.69,CVX,BBB
Chevron Corporation,2020-06-30,18.3,10.0,2020-06,40,12.0,81.55,CVX,BBB
Chevron Corporation,2020-07-31,18.3,10.0,2020-07,40,12.0,81.54,CVX,BBB
Chevron Corporation,2020-08-31,18.3,10.0,2020-08,40,12.0,70.96,CVX,BBB
Chevron Corporation,2020-09-30,18.3,10.0,2020-09,40,12.0,68.49,CVX,BBB
Chevron Corporation,2020-10-31,18.3,10.0,2020-10,40,12.0,85.92,CVX,BBB
The Walt Disney Company,2016-03-01,0.0,8.1,2016-03,16,8.1,93.69,DIS,A
The Walt Disney Company,2016-03-31,0.0,8.1,2016-03,16,8.1,97.42,DIS,A
The Walt Disney Company,2016-04-30,0.0,8.1,2016-04,16,8.1,93.61,DIS,A
The Walt Disney Company,2016-05-31,0.0,8.1,2016-05,16,8.1,92.29,DIS,A
The Walt Disney Company,2016-06-30,0.0,8.1,2016-06,16,8.1,90.52,DIS,A
The Walt Disney Company,2016-07-31,0.0,8.1,2016-07,16,8.1,89.77,DIS,A
The Walt Disney Company,2016-08-31,0.0,8.1,2016-08,16,8.1,88.24,DIS,A
The Walt Disney Company,2016-09-30,0.0,8.1,2016-09,16,8.1,88.08,DIS,A
The Walt Disney Company,2016-10-31,0.0,8.1,2016-10,16,8.1,94.19,DIS,A
The Walt Disney Company,2016-12-01,0.0,8.1,2016-12,16,8.1,99.04,DIS,A
The Walt Disney Company,2017-01-01,0.0,8.1,2017-01,16,8.1,105.96,DIS,A
The Walt Disney Company,2017-02-01,0.0,8.1,2017-02,16,8.1,105.42,DIS,A
The Walt Disney Company,2017-03-01,0.0,8.1,2017-03,16,8.1,108.58,DIS,BBB
The Walt Disney Company,2017-03-31,0.0,8.1,2017-03,16,8.1,110.70,DIS,BBB
The Walt Disney Company,2017-04-30,0.0,8.1,2017-04,16,8.1,103.37,DIS,BBB
The Walt Disney Company,2017-05-31,0.0,8.1,2017-05,16,8.1,101.75,DIS,BBB
The Walt Disney Company,2017-06-30,0.0,8.1,2017-06,16,8.1,105.27,DIS,BBB
The Walt Disney Company,2017-07-31,0.0,8.1,2017-07,16,8.1,97.63,DIS,BBB
The Walt Disney Company,2017-08-31,0.0,8.1,2017-08,16,8.1,95.09,DIS,BBB
The Walt Disney Company,2017-09-30,0.0,8.1,2017-09,16,8.1,94.36,DIS,BBB
The Walt Disney Company,2017-10-31,0.0,8.1,2017-10,16,8.1,101.12,DIS,BBB
The Walt Disney Company,2017-12-01,0.0,8.1,2017-12,16,8.1,103.72,DIS,BBB
The Walt Disney Company,2018-01-01,0.0,8.1,2018-01,16,8.1,105.68,DIS,BBB
The Walt Disney Company,2018-02-01,0.0,8.1,2018-02,16,8.1,100.32,DIS,BBB
The Walt Disney Company,2018-03-01,0.0,8.1,2018-03,16,8.1,97.68,DIS,BBB
The Walt Disney Company,2018-03-31,0.0,8.1,2018-03,16,8.1,97.57,DIS,BBB
The Walt Disney Company,2018-04-30,0.0,8.1,2018-04,16,8.1,96.74,DIS,BBB
The Walt Disney Company,2018-05-31,0.0,8.1,2018-05,16,8.1,101.93,DIS,BBB
The Walt Disney Company,2018-06-30,0.0,8.1,2018-06,16,8.1,110.44,DIS,BBB
The Walt Disney Company,2018-07-31,0.0,8.1,2018-07,16,8.1,109.82,DIS,BBB
The Walt Disney Company,2018-08-31,0.0,8.1,2018-08,16,8.1,114.64,DIS,BBB
The Walt Disney Company,2018-09-30,0.0,8.1,2018-09,16,8.1,112.57,DIS,BBB
The Walt Disney Company,2018-10-31,0.0,8.1,2018-10,16,8.1,113.22,DIS,BBB
The Walt Disney Company,2018-12-01,0.0,8.1,2018-12,16,8.1,107.49,DIS,BBB
The Walt Disney Company,2019-01-01,0.0,8.1,2019-01,16,8.1,110.17,DIS,BBB
The Walt Disney Company,2019-02-01,0.0,8.1,2019-02,16,8.1,111.48,DIS,BBB
The Walt Disney Company,2019-03-01,0.0,8.1,2019-03,16,8.1,109.69,DIS,BBB
The Walt Disney Company,2019-03-31,0.0,8.1,2019-03,16,8.1,135.32,DIS,BBB
The Walt Disney Company,2019-04-30,0.0,8.1,2019-04,16,8.1,130.45,DIS,BBB
The Walt Disney Company,2019-05-31,0.0,8.1,2019-05,16,8.1,137.95,DIS,BBB
The Walt Disney Company,2019-06-30,0.0,8.1,2019-06,16,8.1,141.28,DIS,BBB
The Walt Disney Company,2019-07-31,0.0,8.1,2019-07,16,8.1,136.44,DIS,BBB
The Walt Disney Company,2019-08-31,0.0,8.1,2019-08,16,8.1,129.54,DIS,BBB
The Walt Disney Company,2019-09-30,0.0,8.1,2019-09,16,8.1,129.15,DIS,BBB
The Walt Disney Company,2019-10-31,0.0,8.1,2019-10,16,8.1,150.68,DIS,BBB
The Walt Disney Company,2019-12-01,0.0,8.1,2019-12,16,8.1,143.77,DIS,BBB
The Walt Disney Company,2020-01-01,0.0,8.1,2020-01,16,8.1,138.31,DIS,BBB
The Walt Disney Company,2020-02-01,0.0,8.1,2020-02,16,8.1,117.65,DIS,BBB
The Walt Disney Company,2020-03-01,0.0,8.1,2020-03,16,8.1,96.60,DIS,BBB
The Walt Disney Company,2020-03-31,0.0,8.1,2020-03,16,8.1,108.15,DIS,BBB
The Walt Disney Company,2020-04-30,0.0,8.1,2020-04,16,8.1,117.30,DIS,BBB
The Walt Disney Company,2020-05-31,0.0,8.1,2020-05,16,8.1,111.51,DIS,BBB
The Walt Disney Company,2020-06-30,0.0,8.1,2020-06,16,8.1,116.94,DIS,BBB
The Walt Disney Company,2020-07-31,0.0,8.1,2020-07,16,8.1,131.87,DIS,BBB
The Walt Disney Company,2020-08-31,0.0,8.1,2020-08,16,8.1,124.08,DIS,BBB
The Walt Disney Company,2020-09-30,0.0,8.1,2020-09,16,8.1,121.25,DIS,BBB
The Walt Disney Company,2020-10-31,0.0,8.1,2020-10,16,8.1,148.01,DIS,BBB
Honeywell International Inc.,2016-09-30,10.3,9.0,2016-09,33,14.1,96.09,HON,AA
Honeywell International Inc.,2016-10-31,10.3,9.0,2016-10,33,14.1,99.83,HON,AA
Honeywell International Inc.,2016-12-01,10.3,9.0,2016-12,33,14.1,102.10,HON,AA
Honeywell International Inc.,2017-01-01,10.3,9.0,2017-01,33,14.1,104.28,HON,AA
Honeywell International Inc.,2017-02-01,10.3,9.0,2017-02,33,14.1,109.72,HON,AA
Honeywell International Inc.,2017-03-01,10.3,9.0,2017-03,33,14.1,110.64,HON,AA
Honeywell International Inc.,2017-03-31,10.3,9.0,2017-03,33,14.1,116.19,HON,AA
Honeywell International Inc.,2017-04-30,10.3,9.0,2017-04,33,14.1,117.83,HON,AA
Honeywell International Inc.,2017-05-31,10.3,9.0,2017-05,33,14.1,118.70,HON,AA
Honeywell International Inc.,2017-06-30,10.3,9.0,2017-06,33,14.1,121.22,HON,AA
Honeywell International Inc.,2017-07-31,10.3,9.0,2017-07,33,14.1,123.13,HON,AA
Honeywell International Inc.,2017-08-31,10.3,9.0,2017-08,33,14.1,126.84,HON,AA
Honeywell International Inc.,2017-09-30,10.3,9.0,2017-09,33,14.1,129.00,HON,AA
Honeywell International Inc.,2017-10-31,10.3,9.0,2017-10,33,14.1,139.56,HON,AA
Honeywell International Inc.,2017-12-01,10.3,9.0,2017-12,33,14.1,137.94,HON,AA
Honeywell International Inc.,2018-01-01,10.3,9.0,2018-01,33,14.1,143.61,HON,AA
Honeywell International Inc.,2018-02-01,10.3,9.0,2018-02,33,14.1,135.91,HON,AA
Honeywell International Inc.,2018-03-01,10.3,9.0,2018-03,33,14.1,130.61,HON,AA
Honeywell International Inc.,2018-03-31,10.3,9.0,2018-03,33,14.1,130.76,HON,AA
Honeywell International Inc.,2018-04-30,10.3,9.0,2018-04,33,14.1,133.68,HON,AA
Honeywell International Inc.,2018-05-31,10.3,9.0,2018-05,33,14.1,130.85,HON,AA
Honeywell International Inc.,2018-06-30,10.3,9.0,2018-06,33,14.1,145.02,HON,AA
Honeywell International Inc.,2018-07-31,10.3,9.0,2018-07,33,14.1,144.49,HON,AA
Honeywell International Inc.,2018-08-31,10.3,9.0,2018-08,33,14.1,151.89,HON,AA
Honeywell International Inc.,2018-09-30,10.3,9.0,2018-09,33,14.1,137.93,HON,AA
Honeywell International Inc.,2018-10-31,10.3,9.0,2018-10,33,14.1,139.76,HON,AA
Honeywell International Inc.,2018-12-01,10.3,9.0,2018-12,33,14.1,126.53,HON,AA
Honeywell International Inc.,2019-01-01,10.3,9.0,2019-01,33,14.1,137.56,HON,AA
Honeywell International Inc.,2019-02-01,10.3,9.0,2019-02,33,14.1,147.56,HON,AA
Honeywell International Inc.,2019-03-01,10.3,9.0,2019-03,33,14.1,153.01,HON,AA
Honeywell International Inc.,2019-03-31,10.3,9.0,2019-03,33,14.1,167.18,HON,AA
Honeywell International Inc.,2019-04-30,10.3,9.0,2019-04,33,14.1,158.20,HON,AA
Honeywell International Inc.,2019-05-31,10.3,9.0,2019-05,33,14.1,168.92,HON,AA
Honeywell International Inc.,2019-06-30,10.3,9.0,2019-06,33,14.1,166.86,HON,AA
Honeywell International Inc.,2019-07-31,10.3,9.0,2019-07,33,14.1,159.27,HON,AA
Honeywell International Inc.,2019-08-31,10.3,9.0,2019-08,33,14.1,164.53,HON,AA
Honeywell International Inc.,2019-09-30,10.3,9.0,2019-09,33,14.1,167.96,HON,AA
Honeywell International Inc.,2019-10-31,10.3,9.0,2019-10,33,14.1,173.62,HON,AA
Honeywell International Inc.,2019-12-01,10.3,9.0,2019-12,33,14.1,172.97,HON,AA
Honeywell International Inc.,2020-01-01,10.3,9.0,2020-01,33,14.1,169.27,HON,AA
Honeywell International Inc.,2020-02-01,10.3,9.0,2020-02,33,14.1,158.47,HON,AA
Honeywell International Inc.,2020-03-01,10.3,9.0,2020-03,33,14.1,131.45,HON,AA
Honeywell International Inc.,2020-03-31,10.3,9.0,2020-03,33,14.1,139.42,HON,AA
Honeywell International Inc.,2020-04-30,10.3,9.0,2020-04,33,14.1,143.30,HON,AA
Honeywell International Inc.,2020-05-31,10.3,9.0,2020-05,33,14.1,143.11,HON,AA
Honeywell International Inc.,2020-06-30,10.3,9.0,2020-06,33,14.1,147.84,HON,AA
Honeywell International Inc.,2020-07-31,10.3,9.0,2020-07,33,14.1,163.85,HON,AA
Honeywell International Inc.,2020-08-31,10.3,9.0,2020-08,33,14.1,163.84,HON,AA
Honeywell International Inc.,2020-09-30,10.3,9.0,2020-09,33,14.1,164.18,HON,AA
Honeywell International Inc.,2020-10-31,10.3,9.0,2020-10,33,14.1,202.97,HON,AA
Johnson & Johnson,2016-09-30,1.3,11.4,2016-09,33,20.1,103.50,JNJ,BBB
Johnson & Johnson,2016-10-31,1.3,11.4,2016-10,33,20.1,99.32,JNJ,BBB
Johnson & Johnson,2016-12-01,1.3,11.4,2016-12,33,20.1,103.52,JNJ,BBB
Johnson & Johnson,2017-01-01,1.3,11.4,2017-01,33,20.1,101.75,JNJ,BBB
Johnson & Johnson,2017-02-01,1.3,11.4,2017-02,33,20.1,109.80,JNJ,BBB
Johnson & Johnson,2017-03-01,1.3,11.4,2017-03,33,20.1,112.65,JNJ,BBB
Johnson & Johnson,2017-03-31,1.3,11.4,2017-03,33,20.1,111.67,JNJ,BBB
Johnson & Johnson,2017-04-30,1.3,11.4,2017-04,33,20.1,115.99,JNJ,BBB
Johnson & Johnson,2017-05-31,1.3,11.4,2017-05,33,20.1,120.44,JNJ,BBB
Johnson & Johnson,2017-06-30,1.3,11.4,2017-06,33,20.1,120.83,JNJ,BBB
Johnson & Johnson,2017-07-31,1.3,11.4,2017-07,33,20.1,120.51,JNJ,BBB
Johnson & Johnson,2017-08-31,1.3,11.4,2017-08,33,20.1,119.12,JNJ,BBB
Johnson & Johnson,2017-09-30,1.3,11.4,2017-09,33,20.1,127.73,JNJ,BBB
Johnson & Johnson,2017-10-31,1.3,11.4,2017-10,33,20.1,127.66,JNJ,BBB
Johnson & Johnson,2017-12-01,1.3,11.4,2017-12,33,20.1,128.80,JNJ,BBB
Johnson & Johnson,2018-01-01,1.3,11.4,2018-01,33,20.1,127.39,JNJ,BBB
Johnson & Johnson,2018-02-01,1.3,11.4,2018-02,33,20.1,119.73,JNJ,BBB
Johnson & Johnson,2018-03-01,1.3,11.4,2018-03,33,20.1,118.89,JNJ,BBB
Johnson & Johnson,2018-03-31,1.3,11.4,2018-03,33,20.1,117.35,JNJ,BBB
Johnson & Johnson,2018-04-30,1.3,11.4,2018-04,33,20.1,110.98,JNJ,BBB
Johnson & Johnson,2018-05-31,1.3,11.4,2018-05,33,20.1,113.41,JNJ,BBB
Johnson & Johnson,2018-06-30,1.3,11.4,2018-06,33,20.1,123.86,JNJ,BBB
Johnson & Johnson,2018-07-31,1.3,11.4,2018-07,33,20.1,125.88,JNJ,BBB
Johnson & Johnson,2018-08-31,1.3,11.4,2018-08,33,20.1,130.00,JNJ,BBB
Johnson & Johnson,2018-09-30,1.3,11.4,2018-09,33,20.1,131.71,JNJ,BBB
Johnson & Johnson,2018-10-31,1.3,11.4,2018-10,33,20.1,138.21,JNJ,BBB
Johnson & Johnson,2018-12-01,1.3,11.4,2018-12,33,20.1,122.19,JNJ,BBB
Johnson & Johnson,2019-01-01,1.3,11.4,2019-01,33,20.1,126.01,JNJ,BBB
Johnson & Johnson,2019-02-01,1.3,11.4,2019-02,33,20.1,129.38,JNJ,BBB
Johnson & Johnson,2019-03-01,1.3,11.4,2019-03,33,20.1,133.24,JNJ,BBB
Johnson & Johnson,2019-03-31,1.3,11.4,2019-03,33,20.1,134.58,JNJ,BBB
Johnson & Johnson,2019-04-30,1.3,11.4,2019-04,33,20.1,125.00,JNJ,BBB
Johnson & Johnson,2019-05-31,1.3,11.4,2019-05,33,20.1,133.66,JNJ,BBB
Johnson & Johnson,2019-06-30,1.3,11.4,2019-06,33,20.1,124.96,JNJ,BBB
Johnson & Johnson,2019-07-31,1.3,11.4,2019-07,33,20.1,123.18,JNJ,BBB
Johnson & Johnson,2019-08-31,1.3,11.4,2019-08,33,20.1,125.09,JNJ,BBB
Johnson & Johnson,2019-09-30,1.3,11.4,2019-09,33,20.1,127.66,JNJ,BBB
Johnson & Johnson,2019-10-31,1.3,11.4,2019-10,33,20.1,132.93,JNJ,BBB
Johnson & Johnson,2019-12-01,1.3,11.4,2019-12,33,20.1,142.01,JNJ,BBB
Johnson & Johnson,2020-01-01,1.3,11.4,2020-01,33,20.1,144.93,JNJ,BBB
Johnson & Johnson,2020-02-01,1.3,11.4,2020-02,33,20.1,130.92,JNJ,BBB
Johnson & Johnson,2020-03-01,1.3,11.4,2020-03,33,20.1,128.47,JNJ,BBB
Johnson & Johnson,2020-03-31,1.3,11.4,2020-03,33,20.1,147.00,JNJ,BBB
Johnson & Johnson,2020-04-30,1.3,11.4,2020-04,33,20.1,145.74,JNJ,BBB
Johnson & Johnson,2020-05-31,1.3,11.4,2020-05,33,20.1,138.74,JNJ,BBB
Johnson & Johnson,2020-06-30,1.3,11.4,2020-06,33,20.1,143.80,JNJ,BBB
Johnson & Johnson,2020-07-31,1.3,11.4,2020-07,33,20.1,151.34,JNJ,BBB
Johnson & Johnson,2020-08-31,1.3,11.4,2020-08,33,20.1,147.85,JNJ,BBB
Johnson & Johnson,2020-09-30,1.3,11.4,2020-09,33,20.1,136.16,JNJ,BBB
Johnson & Johnson,2020-10-31,1.3,11.4,2020-10,33,20.1,143.68,JNJ,BBB
JPMorgan Chase & Co.,2017-09-30,1.2,8.9,2017-09,22,11.9,91.50,JPM,BB
JPMorgan Chase & Co.,2017-10-31,1.2,8.9,2017-10,22,11.9,95.61,JPM,BB
JPMorgan Chase & Co.,2017-12-01,1.2,8.9,2017-12,22,11.9,97.83,JPM,BB
JPMorgan Chase & Co.,2018-01-01,1.2,8.9,2018-01,22,11.9,105.81,JPM,BB
JPMorgan Chase & Co.,2018-02-01,1.2,8.9,2018-02,22,11.9,106.21,JPM,BB
JPMorgan Chase & Co.,2018-03-01,1.2,8.9,2018-03,22,11.9,101.12,JPM,BB
JPMorgan Chase & Co.,2018-03-31,1.2,8.9,2018-03,22,11.9,100.03,JPM,BB
JPMorgan Chase & Co.,2018-04-30,1.2,8.9,2018-04,22,11.9,98.90,JPM,BB
JPMorgan Chase & Co.,2018-05-31,1.2,8.9,2018-05,22,11.9,96.30,JPM,BB
JPMorgan Chase & Co.,2018-06-30,1.2,8.9,2018-06,22,11.9,106.24,JPM,BB
JPMorgan Chase & Co.,2018-07-31,1.2,8.9,2018-07,22,11.9,106.47,JPM,BB
JPMorgan Chase & Co.,2018-08-31,1.2,8.9,2018-08,22,11.9,104.85,JPM,BB
JPMorgan Chase & Co.,2018-09-30,1.2,8.9,2018-09,22,11.9,101.31,JPM,BB
JPMorgan Chase & Co.,2018-10-31,1.2,8.9,2018-10,22,11.9,104.05,JPM,BB
JPMorgan Chase & Co.,2018-12-01,1.2,8.9,2018-12,22,11.9,91.35,JPM,BB
JPMorgan Chase & Co.,2019-01-01,1.2,8.9,2019-01,22,11.9,96.85,JPM,BB
JPMorgan Chase & Co.,2019-02-01,1.2,8.9,2019-02,22,11.9,98.45,JPM,BB
JPMorgan Chase & Co.,2019-03-01,1.2,8.9,2019-03,22,11.9,95.49,JPM,BB
JPMorgan Chase & Co.,2019-03-31,1.2,8.9,2019-03,22,11.9,109.47,JPM,BB
JPMorgan Chase & Co.,2019-04-30,1.2,8.9,2019-04,22,11.9,100.72,JPM,BB
JPMorgan Chase & Co.,2019-05-31,1.2,8.9,2019-05,22,11.9,106.27,JPM,BB
JPMorgan Chase & Co.,2019-06-30,1.2,8.9,2019-06,22,11.9,110.26,JPM,BB
JPMorgan Chase & Co.,2019-07-31,1.2,8.9,2019-07,22,11.9,105.17,JPM,BB
JPMorgan Chase & Co.,2019-08-31,1.2,8.9,2019-08,22,11.9,112.66,JPM,BB
JPMorgan Chase & Co.,2019-09-30,1.2,8.9,2019-09,22,11.9,119.58,JPM,BB
JPMorgan Chase & Co.,2019-10-31,1.2,8.9,2019-10,22,11.9,127.14,JPM,BB
JPMorgan Chase & Co.,2019-12-01,1.2,8.9,2019-12,22,11.9,134.52,JPM,BB
JPMorgan Chase & Co.,2020-01-01,1.2,8.9,2020-01,22,11.9,127.72,JPM,BB
JPMorgan Chase & Co.,2020-02-01,1.2,8.9,2020-02,22,11.9,112.76,JPM,BB
JPMorgan Chase & Co.,2020-03-01,1.2,8.9,2020-03,22,11.9,87.43,JPM,BB
JPMorgan Chase & Co.,2020-03-31,1.2,8.9,2020-03,22,11.9,93.00,JPM,BB
JPMorgan Chase & Co.,2020-04-30,1.2,8.9,2020-04,22,11.9,95.48,JPM,BB
JPMorgan Chase & Co.,2020-05-31,1.2,8.9,2020-05,22,11.9,92.30,JPM,BB
JPMorgan Chase & Co.,2020-06-30,1.2,8.9,2020-06,22,11.9,94.83,JPM,BB
JPMorgan Chase & Co.,2020-07-31,1.2,8.9,2020-07,22,11.9,99.27,JPM,BB
JPMorgan Chase & Co.,2020-08-31,1.2,8.9,2020-08,22,11.9,95.38,JPM,BB
JPMorgan Chase & Co.,2020-09-30,1.2,8.9,2020-09,22,11.9,97.14,JPM,BB
JPMorgan Chase & Co.,2020-10-31,1.2,8.9,2020-10,22,11.9,117.88,JPM,BB
McDonald's Corporation,2016-09-30,3.7,5.7,2016-09,24,14.6,101.18,MCD,BB
McDonald's Corporation,2016-10-31,3.7,5.7,2016-10,24,14.6,107.20,MCD,BB
McDonald's Corporation,2016-12-01,3.7,5.7,2016-12,24,14.6,110.25,MCD,BB
McDonald's Corporation,2017-01-01,3.7,5.7,2017-01,24,14.6,111.02,MCD,BB
McDonald's Corporation,2017-02-01,3.7,5.7,2017-02,24,14.6,115.62,MCD,BB
McDonald's Corporation,2017-03-01,3.7,5.7,2017-03,24,14.6,118.26,MCD,BB
McDonald's Corporation,2017-03-31,3.7,5.7,2017-03,24,14.6,127.68,MCD,BB
McDonald's Corporation,2017-04-30,3.7,5.7,2017-04,24,14.6,137.68,MCD,BB
McDonald's Corporation,2017-05-31,3.7,5.7,2017-05,24,14.6,139.75,MCD,BB
McDonald's Corporation,2017-06-30,3.7,5.7,2017-06,24,14.6,142.45,MCD,BB
McDonald's Corporation,2017-07-31,3.7,5.7,2017-07,24,14.6,146.88,MCD,BB
McDonald's Corporation,2017-08-31,3.7,5.7,2017-08,24,14.6,144.71,MCD,BB
McDonald's Corporation,2017-09-30,3.7,5.7,2017-09,24,14.6,154.16,MCD,BB
McDonald's Corporation,2017-10-31,3.7,5.7,2017-10,24,14.6,158.84,MCD,BB
McDonald's Corporation,2017-12-01,3.7,5.7,2017-12,24,14.6,159.92,MCD,BB
McDonald's Corporation,2018-01-01,3.7,5.7,2018-01,24,14.6,159.01,MCD,BB
McDonald's Corporation,2018-02-01,3.7,5.7,2018-02,24,14.6,146.56,MCD,BB
McDonald's Corporation,2018-03-01,3.7,5.7,2018-03,24,14.6,146.22,MCD,BB
McDonald's Corporation,2018-03-31,3.7,5.7,2018-03,24,14.6,156.56,MCD,BB
McDonald's Corporation,2018-04-30,3.7,5.7,2018-04,24,14.6,149.61,MCD,BB
McDonald's Corporation,2018-05-31,3.7,5.7,2018-05,24,14.6,146.51,MCD,BB
McDonald's Corporation,2018-06-30,3.7,5.7,2018-06,24,14.6,148.24,MCD,BB
McDonald's Corporation,2018-07-31,3.7,5.7,2018-07,24,14.6,152.65,MCD,BB
McDonald's Corporation,2018-08-31,3.7,5.7,2018-08,24,14.6,158.39,MCD,BB
McDonald's Corporation,2018-09-30,3.7,5.7,2018-09,24,14.6,167.49,MCD,BB
McDonald's Corporation,2018-10-31,3.7,5.7,2018-10,24,14.6,178.49,MCD,BB
McDonald's Corporation,2018-12-01,3.7,5.7,2018-12,24,14.6,169.16,MCD,BB
McDonald's Corporation,2019-01-01,3.7,5.7,2019-01,24,14.6,170.32,MCD,BB
McDonald's Corporation,2019-02-01,3.7,5.7,2019-02,24,14.6,175.14,MCD,BB
McDonald's Corporation,2019-03-01,3.7,5.7,2019-03,24,14.6,182.06,MCD,BB
McDonald's Corporation,2019-03-31,3.7,5.7,2019-03,24,14.6,189.42,MCD,BB
McDonald's Corporation,2019-04-30,3.7,5.7,2019-04,24,14.6,190.09,MCD,BB
McDonald's Corporation,2019-05-31,3.7,5.7,2019-05,24,14.6,200.26,MCD,BB
McDonald's Corporation,2019-06-30,3.7,5.7,2019-06,24,14.6,203.21,MCD,BB
McDonald's Corporation,2019-07-31,3.7,5.7,2019-07,24,14.6,210.20,MCD,BB
McDonald's Corporation,2019-08-31,3.7,5.7,2019-08,24,14.6,208.15,MCD,BB
McDonald's Corporation,2019-09-30,3.7,5.7,2019-09,24,14.6,190.69,MCD,BB
McDonald's Corporation,2019-10-31,3.7,5.7,2019-10,24,14.6,188.54,MCD,BB
McDonald's Corporation,2019-12-01,3.7,5.7,2019-12,24,14.6,192.80,MCD,BB
McDonald's Corporation,2020-01-01,3.7,5.7,2020-01,24,14.6,208.76,MCD,BB
McDonald's Corporation,2020-02-01,3.7,5.7,2020-02,24,14.6,189.44,MCD,BB
McDonald's Corporation,2020-03-01,3.7,5.7,2020-03,24,14.6,162.33,MCD,BB
McDonald's Corporation,2020-03-31,3.7,5.7,2020-03,24,14.6,184.14,MCD,BB
McDonald's Corporation,2020-04-30,3.7,5.7,2020-04,24,14.6,182.92,MCD,BB
McDonald's Corporation,2020-05-31,3.7,5.7,2020-05,24,14.6,182.31,MCD,BB
McDonald's Corporation,2020-06-30,3.7,5.7,2020-06,24,14.6,192.01,MCD,BB
McDonald's Corporation,2020-07-31,3.7,5.7,2020-07,24,14.6,211.02,MCD,BB
McDonald's Corporation,2020-08-31,3.7,5.7,2020-08,24,14.6,218.19,MCD,BB
McDonald's Corporation,2020-09-30,3.7,5.7,2020-09,24,14.6,211.74,MCD,BB
McDonald's Corporation,2020-10-31,3.7,5.7,2020-10,24,14.6,216.16,MCD,BB
3M Company,2016-09-30,12.8,8.1,2016-09,35,14.0,145.81,MMM,AAA
3M Company,2016-10-31,12.8,8.1,2016-10,35,14.0,151.49,MMM,AAA
3M Company,2016-12-01,12.8,8.1,2016-12,35,14.0,158.45,MMM,AAA
3M Company,2017-01-01,12.8,8.1,2017-01,35,14.0,155.19,MMM,AAA
3M Company,2017-02-01,12.8,8.1,2017-02,35,14.0,165.43,MMM,AAA
3M Company,2017-03-01,12.8,8.1,2017-03,35,14.0,170.95,MMM,AAA
3M Company,2017-03-31,12.8,8.1,2017-03,35,14.0,174.98,MMM,AAA
3M Company,2017-04-30,12.8,8.1,2017-04,35,14.0,182.70,MMM,AAA
3M Company,2017-05-31,12.8,8.1,2017-05,35,14.0,187.13,MMM,AAA
3M Company,2017-06-30,12.8,8.1,2017-06,35,14.0,180.82,MMM,AAA
3M Company,2017-07-31,12.8,8.1,2017-07,35,14.0,183.65,MMM,AAA
3M Company,2017-08-31,12.8,8.1,2017-08,35,14.0,189.75,MMM,AAA
3M Company,2017-09-30,12.8,8.1,2017-09,35,14.0,208.09,MMM,AAA
3M Company,2017-10-31,12.8,8.1,2017-10,35,14.0,219.80,MMM,AAA
3M Company,2017-12-01,12.8,8.1,2017-12,35,14.0,213.85,MMM,AAA
3M Company,2018-01-01,12.8,8.1,2018-01,35,14.0,227.60,MMM,AAA
3M Company,2018-02-01,12.8,8.1,2018-02,35,14.0,213.98,MMM,AAA
3M Company,2018-03-01,12.8,8.1,2018-03,35,14.0,200.63,MMM,AAA
3M Company,2018-03-31,12.8,8.1,2018-03,35,14.0,177.66,MMM,AAA
3M Company,2018-04-30,12.8,8.1,2018-04,35,14.0,180.25,MMM,AAA
3M Company,2018-05-31,12.8,8.1,2018-05,35,14.0,181.02,MMM,AAA
3M Company,2018-06-30,12.8,8.1,2018-06,35,14.0,195.37,MMM,AAA
3M Company,2018-07-31,12.8,8.1,2018-07,35,14.0,194.08,MMM,AAA
3M Company,2018-08-31,12.8,8.1,2018-08,35,14.0,195.19,MMM,AAA
3M Company,2018-09-30,12.8,8.1,2018-09,35,14.0,176.25,MMM,AAA
3M Company,2018-10-31,12.8,8.1,2018-10,35,14.0,192.61,MMM,AAA
3M Company,2018-12-01,12.8,8.1,2018-12,35,14.0,177.71,MMM,AAA
3M Company,2019-01-01,12.8,8.1,2019-01,35,14.0,186.81,MMM,AAA
3M Company,2019-02-01,12.8,8.1,2019-02,35,14.0,193.43,MMM,AAA
3M Company,2019-03-01,12.8,8.1,2019-03,35,14.0,195.13,MMM,AAA
3M Company,2019-03-31,12.8,8.1,2019-03,35,14.0,177.97,MMM,AAA
3M Company,2019-04-30,12.8,8.1,2019-04,35,14.0,150.03,MMM,AAA
3M Company,2019-05-31,12.8,8.1,2019-05,35,14.0,164.18,MMM,AAA
3M Company,2019-06-30,12.8,8.1,2019-06,35,14.0,165.49,MMM,AAA
3M Company,2019-07-31,12.8,8.1,2019-07,35,14.0,153.17,MMM,AAA
3M Company,2019-08-31,12.8,8.1,2019-08,35,14.0,157.14,MMM,AAA
3M Company,2019-09-30,12.8,8.1,2019-09,35,14.0,157.70,MMM,AAA
3M Company,2019-10-31,12.8,8.1,2019-10,35,14.0,162.27,MMM,AAA
3M Company,2019-12-01,12.8,8.1,2019-12,35,14.0,170.09,MMM,AAA
3M Company,2020-01-01,12.8,8.1,2020-01,35,14.0,152.96,MMM,AAA
3M Company,2020-02-01,12.8,8.1,2020-02,35,14.0,143.88,MMM,AAA
3M Company,2020-03-01,12.8,8.1,2020-03,35,14.0,132.80,MMM,AAA
3M Company,2020-03-31,12.8,8.1,2020-03,35,14.0,147.79,MMM,AAA
3M Company,2020-04-30,12.8,8.1,2020-04,35,14.0,152.19,MMM,AAA
3M Company,2020-05-31,12.8,8.1,2020-05,35,14.0,153.26,MMM,AAA
3M Company,2020-06-30,12.8,8.1,2020-06,35,14.0,147.83,MMM,AAA
3M Company,2020-07-31,12.8,8.1,2020-07,35,14.0,160.16,MMM,AAA
3M Company,2020-08-31,12.8,8.1,2020-08,35,14.0,158.81,MMM,AAA
3M Company,2020-09-30,12.8,8.1,2020-09,35,14.0,158.59,MMM,AAA
3M Company,2020-10-31,12.8,8.1,2020-10,35,14.0,171.25,MMM,AAA
Merck & Co. Inc.,2016-09-30,1.6,11.1,2016-09,27,14.1,52.17,MRK,A
Merck & Co. Inc.,2016-10-31,1.6,11.1,2016-10,27,14.1,54.36,MRK,A
Merck & Co. Inc.,2016-12-01,1.6,11.1,2016-12,27,14.1,52.30,MRK,A
Merck & Co. Inc.,2017-01-01,1.6,11.1,2017-01,27,14.1,55.50,MRK,A
Merck & Co. Inc.,2017-02-01,1.6,11.1,2017-02,27,14.1,58.97,MRK,A
Merck & Co. Inc.,2017-03-01,1.6,11.1,2017-03,27,14.1,56.88,MRK,A
Merck & Co. Inc.,2017-03-31,1.6,11.1,2017-03,27,14.1,56.20,MRK,A
Merck & Co. Inc.,2017-04-30,1.6,11.1,2017-04,27,14.1,58.71,MRK,A
Merck & Co. Inc.,2017-05-31,1.6,11.1,2017-05,27,14.1,57.79,MRK,A
Merck & Co. Inc.,2017-06-30,1.6,11.1,2017-06,27,14.1,58.02,MRK,A
Merck & Co. Inc.,2017-07-31,1.6,11.1,2017-07,27,14.1,58.01,MRK,A
Merck & Co. Inc.,2017-08-31,1.6,11.1,2017-08,27,14.1,58.16,MRK,A
Merck & Co. Inc.,2017-09-30,1.6,11.1,2017-09,27,14.1,50.40,MRK,A
Merck & Co. Inc.,2017-10-31,1.6,11.1,2017-10,27,14.1,50.57,MRK,A
Merck & Co. Inc.,2017-12-01,1.6,11.1,2017-12,27,14.1,51.48,MRK,A
Merck & Co. Inc.,2018-01-01,1.6,11.1,2018-01,27,14.1,54.67,MRK,A
Merck & Co. Inc.,2018-02-01,1.6,11.1,2018-02,27,14.1,50.03,MRK,A
Merck & Co. Inc.,2018-03-01,1.6,11.1,2018-03,27,14.1,50.26,MRK,A
Merck & Co. Inc.,2018-03-31,1.6,11.1,2018-03,27,14.1,54.79,MRK,A
Merck & Co. Inc.,2018-04-30,1.6,11.1,2018-04,27,14.1,55.41,MRK,A
Merck & Co. Inc.,2018-05-31,1.6,11.1,2018-05,27,14.1,56.50,MRK,A
Merck & Co. Inc.,2018-06-30,1.6,11.1,2018-06,27,14.1,61.78,MRK,A
Merck & Co. Inc.,2018-07-31,1.6,11.1,2018-07,27,14.1,64.33,MRK,A
Merck & Co. Inc.,2018-08-31,1.6,11.1,2018-08,27,14.1,66.54,MRK,A
Merck & Co. Inc.,2018-09-30,1.6,11.1,2018-09,27,14.1,69.51,MRK,A
Merck & Co. Inc.,2018-10-31,1.6,11.1,2018-10,27,14.1,74.93,MRK,A
Merck & Co. Inc.,2018-12-01,1.6,11.1,2018-12,27,14.1,72.16,MRK,A
Merck & Co. Inc.,2019-01-01,1.6,11.1,2019-01,27,14.1,70.78,MRK,A
Merck & Co. Inc.,2019-02-01,1.6,11.1,2019-02,27,14.1,77.30,MRK,A
Merck & Co. Inc.,2019-03-01,1.6,11.1,2019-03,27,14.1,79.09,MRK,A
Merck & Co. Inc.,2019-03-31,1.6,11.1,2019-03,27,14.1,75.36,MRK,A
Merck & Co. Inc.,2019-04-30,1.6,11.1,2019-04,27,14.1,75.84,MRK,A
Merck & Co. Inc.,2019-05-31,1.6,11.1,2019-05,27,14.1,80.28,MRK,A
Merck & Co. Inc.,2019-06-30,1.6,11.1,2019-06,27,14.1,79.99,MRK,A
Merck & Co. Inc.,2019-07-31,1.6,11.1,2019-07,27,14.1,83.34,MRK,A
Merck & Co. Inc.,2019-08-31,1.6,11.1,2019-08,27,14.1,81.13,MRK,A
Merck & Co. Inc.,2019-09-30,1.6,11.1,2019-09,27,14.1,84.08,MRK,A
Merck & Co. Inc.,2019-10-31,1.6,11.1,2019-10,27,14.1,84.58,MRK,A
Merck & Co. Inc.,2019-12-01,1.6,11.1,2019-12,27,14.1,88.24,MRK,A
Merck & Co. Inc.,2020-01-01,1.6,11.1,2020-01,27,14.1,83.46,MRK,A
Merck & Co. Inc.,2020-02-01,1.6,11.1,2020-02,27,14.1,74.79,MRK,A
Merck & Co. Inc.,2020-03-01,1.6,11.1,2020-03,27,14.1,75.16,MRK,A
Merck & Co. Inc.,2020-03-31,1.6,11.1,2020-03,27,14.1,78.15,MRK,A
Merck & Co. Inc.,2020-04-30,1.6,11.1,2020-04,27,14.1,79.51,MRK,A
Merck & Co. Inc.,2020-05-31,1.6,11.1,2020-05,27,14.1,76.17,MRK,A
Merck & Co. Inc.,2020-06-30,1.6,11.1,2020-06,27,14.1,79.66,MRK,A
Merck & Co. Inc.,2020-07-31,1.6,11.1,2020-07,27,14.1,84.65,MRK,A
Merck & Co. Inc.,2020-08-31,1.6,11.1,2020-08,27,14.1,82.35,MRK,A
Merck & Co. Inc.,2020-09-30,1.6,11.1,2020-09,27,14.1,75.21,MRK,A
Merck & Co. Inc.,2020-10-31,1.6,11.1,2020-10,27,14.1,80.39,MRK,A
Microsoft Corporation,2016-05-31,0.5,5.1,2016-05,15,9.4,47.36,MSFT,AAA
Microsoft Corporation,2016-06-30,0.5,5.1,2016-06,15,9.4,52.46,MSFT,AAA
Microsoft Corporation,2016-07-31,0.5,5.1,2016-07,15,9.4,53.18,MSFT,AAA
Microsoft Corporation,2016-08-31,0.5,5.1,2016-08,15,9.4,53.64,MSFT,AAA
Microsoft Corporation,2016-09-30,0.5,5.1,2016-09,15,9.4,55.80,MSFT,AAA
Microsoft Corporation,2016-10-31,0.5,5.1,2016-10,15,9.4,56.12,MSFT,AAA
Microsoft Corporation,2016-12-01,0.5,5.1,2016-12,15,9.4,58.26,MSFT,AAA
Microsoft Corporation,2017-01-01,0.5,5.1,2017-01,15,9.4,60.61,MSFT,AAA
Microsoft Corporation,2017-02-01,0.5,5.1,2017-02,15,9.4,59.99,MSFT,AAA
Microsoft Corporation,2017-03-01,0.5,5.1,2017-03,15,9.4,62.12,MSFT,AAA
Microsoft Corporation,2017-03-31,0.5,5.1,2017-03,15,9.4,64.58,MSFT,AAA
Microsoft Corporation,2017-04-30,0.5,5.1,2017-04,15,9.4,65.88,MSFT,AAA
Microsoft Corporation,2017-05-31,0.5,5.1,2017-05,15,9.4,65.39,MSFT,AAA
Microsoft Corporation,2017-06-30,0.5,5.1,2017-06,15,9.4,68.97,MSFT,AAA
Microsoft Corporation,2017-07-31,0.5,5.1,2017-07,15,9.4,70.93,MSFT,AAA
Microsoft Corporation,2017-08-31,0.5,5.1,2017-08,15,9.4,71.04,MSFT,AAA
Microsoft Corporation,2017-09-30,0.5,5.1,2017-09,15,9.4,79.33,MSFT,AAA
Microsoft Corporation,2017-10-31,0.5,5.1,2017-10,15,9.4,80.27,MSFT,AAA
Microsoft Corporation,2017-12-01,0.5,5.1,2017-12,15,9.4,81.99,MSFT,AAA
Microsoft Corporation,2018-01-01,0.5,5.1,2018-01,15,9.4,91.07,MSFT,AAA
Microsoft Corporation,2018-02-01,0.5,5.1,2018-02,15,9.4,89.88,MSFT,AAA
Microsoft Corporation,2018-03-01,0.5,5.1,2018-03,15,9.4,87.89,MSFT,AAA
Microsoft Corporation,2018-03-31,0.5,5.1,2018-03,15,9.4,90.06,MSFT,AAA
Microsoft Corporation,2018-04-30,0.5,5.1,2018-04,15,9.4,95.18,MSFT,AAA
Microsoft Corporation,2018-05-31,0.5,5.1,2018-05,15,9.4,95.37,MSFT,AAA
Microsoft Corporation,2018-06-30,0.5,5.1,2018-06,15,9.4,102.60,MSFT,AAA
Microsoft Corporation,2018-07-31,0.5,5.1,2018-07,15,9.4,108.64,MSFT,AAA
Microsoft Corporation,2018-08-31,0.5,5.1,2018-08,15,9.4,111.04,MSFT,AAA
Microsoft Corporation,2018-09-30,0.5,5.1,2018-09,15,9.4,103.70,MSFT,AAA
Microsoft Corporation,2018-10-31,0.5,5.1,2018-10,15,9.4,107.66,MSFT,AAA
Microsoft Corporation,2018-12-01,0.5,5.1,2018-12,15,9.4,99.04,MSFT,AAA
Microsoft Corporation,2019-01-01,0.5,5.1,2019-01,15,9.4,101.83,MSFT,AAA
Microsoft Corporation,2019-02-01,0.5,5.1,2019-02,15,9.4,109.24,MSFT,AAA
Microsoft Corporation,2019-03-01,0.5,5.1,2019-03,15,9.4,115.49,MSFT,AAA
Microsoft Corporation,2019-03-31,0.5,5.1,2019-03,15,9.4,127.89,MSFT,AAA
Microsoft Corporation,2019-04-30,0.5,5.1,2019-04,15,9.4,121.12,MSFT,AAA
Microsoft Corporation,2019-05-31,0.5,5.1,2019-05,15,9.4,131.67,MSFT,AAA
Microsoft Corporation,2019-06-30,0.5,5.1,2019-06,15,9.4,133.94,MSFT,AAA
Microsoft Corporation,2019-07-31,0.5,5.1,2019-07,15,9.4,135.50,MSFT,AAA
Microsoft Corporation,2019-08-31,0.5,5.1,2019-08,15,9.4,137.11,MSFT,AAA
Microsoft Corporation,2019-09-30,0.5,5.1,2019-09,15,9.4,141.39,MSFT,AAA
Microsoft Corporation,2019-10-31,0.5,5.1,2019-10,15,9.4,149.29,MSFT,AAA
Microsoft Corporation,2019-12-01,0.5,5.1,2019-12,15,9.4,156.05,MSFT,AAA
Microsoft Corporation,2020-01-01,0.5,5.1,2020-01,15,9.4,168.45,MSFT,AAA
Microsoft Corporation,2020-02-01,0.5,5.1,2020-02,15,9.4,160.31,MSFT,AAA
Microsoft Corporation,2020-03-01,0.5,5.1,2020-03,15,9.4,156.48,MSFT,AAA
Microsoft Corporation,2020-03-31,0.5,5.1,2020-03,15,9.4,177.82,MSFT,AAA
Microsoft Corporation,2020-04-30,0.5,5.1,2020-04,15,9.4,181.82,MSFT,AAA
Microsoft Corporation,2020-05-31,0.5,5.1,2020-05,15,9.4,202.49,MSFT,AAA
Microsoft Corporation,2020-06-30,0.5,5.1,2020-06,15,9.4,203.98,MSFT,AAA
Microsoft Corporation,2020-07-31,0.5,5.1,2020-07,15,9.4,224.40,MSFT,AAA
Microsoft Corporation,2020-08-31,0.5,5.1,2020-08,15,9.4,209.78,MSFT,AAA
Microsoft Corporation,2020-09-30,0.5,5.1,2020-09,15,9.4,201.94,MSFT,AAA
Microsoft Corporation,2020-10-31,0.5,5.1,2020-10,15,9.4,213.51,MSFT,AAA
The Procter & Gamble Company,2016-07-31,8.2,7.0,2016-07,25,9.5,77.03,PG,BBB
The Procter & Gamble Company,2016-08-31,8.2,7.0,2016-08,25,9.5,79.18,PG,BBB
The Procter & Gamble Company,2016-09-30,8.2,7.0,2016-09,25,9.5,76.58,PG,BBB
The Procter & Gamble Company,2016-10-31,8.2,7.0,2016-10,25,9.5,73.31,PG,BBB
The Procter & Gamble Company,2016-12-01,8.2,7.0,2016-12,25,9.5,74.75,PG,BBB
The Procter & Gamble Company,2017-01-01,8.2,7.0,2017-01,25,9.5,77.88,PG,BBB
The Procter & Gamble Company,2017-02-01,8.2,7.0,2017-02,25,9.5,81.61,PG,BBB
The Procter & Gamble Company,2017-03-01,8.2,7.0,2017-03,25,9.5,80.52,PG,BBB
The Procter & Gamble Company,2017-03-31,8.2,7.0,2017-03,25,9.5,78.26,PG,BBB
The Procter & Gamble Company,2017-04-30,8.2,7.0,2017-04,25,9.5,79.54,PG,BBB
The Procter & Gamble Company,2017-05-31,8.2,7.0,2017-05,25,9.5,78.69,PG,BBB
The Procter & Gamble Company,2017-06-30,8.2,7.0,2017-06,25,9.5,82.01,PG,BBB
The Procter & Gamble Company,2017-07-31,8.2,7.0,2017-07,25,9.5,83.97,PG,BBB
The Procter & Gamble Company,2017-08-31,8.2,7.0,2017-08,25,9.5,82.80,PG,BBB
The Procter & Gamble Company,2017-09-30,8.2,7.0,2017-09,25,9.5,78.58,PG,BBB
The Procter & Gamble Company,2017-10-31,8.2,7.0,2017-10,25,9.5,82.51,PG,BBB
The Procter & Gamble Company,2017-12-01,8.2,7.0,2017-12,25,9.5,84.24,PG,BBB
The Procter & Gamble Company,2018-01-01,8.2,7.0,2018-01,25,9.5,79.16,PG,BBB
The Procter & Gamble Company,2018-02-01,8.2,7.0,2018-02,25,9.5,72.54,PG,BBB
The Procter & Gamble Company,2018-03-01,8.2,7.0,2018-03,25,9.5,73.24,PG,BBB
The Procter & Gamble Company,2018-03-31,8.2,7.0,2018-03,25,9.5,66.83,PG,BBB
The Procter & Gamble Company,2018-04-30,8.2,7.0,2018-04,25,9.5,68.23,PG,BBB
The Procter & Gamble Company,2018-05-31,8.2,7.0,2018-05,25,9.5,72.79,PG,BBB
The Procter & Gamble Company,2018-06-30,8.2,7.0,2018-06,25,9.5,75.41,PG,BBB
The Procter & Gamble Company,2018-07-31,8.2,7.0,2018-07,25,9.5,78.05,PG,BBB
The Procter & Gamble Company,2018-08-31,8.2,7.0,2018-08,25,9.5,78.31,PG,BBB
The Procter & Gamble Company,2018-09-30,8.2,7.0,2018-09,25,9.5,83.44,PG,BB
The Procter & Gamble Company,2018-10-31,8.2,7.0,2018-10,25,9.5,89.71,PG,BB
The Procter & Gamble Company,2018-12-01,8.2,7.0,2018-12,25,9.5,87.25,PG,BB
The Procter & Gamble Company,2019-01-01,8.2,7.0,2019-01,25,9.5,91.57,PG,BB
The Procter & Gamble Company,2019-02-01,8.2,7.0,2019-02,25,9.5,94.28,PG,BB
The Procter & Gamble Company,2019-03-01,8.2,7.0,2019-03,25,9.5,99.55,PG,BB
The Procter & Gamble Company,2019-03-31,8.2,7.0,2019-03,25,9.5,101.87,PG,BB
The Procter & Gamble Company,2019-04-30,8.2,7.0,2019-04,25,9.5,99.15,PG,BB
The Procter & Gamble Company,2019-05-31,8.2,7.0,2019-05,25,9.5,105.64,PG,BB
The Procter & Gamble Company,2019-06-30,8.2,7.0,2019-06,25,9.5,113.73,PG,BB
The Procter & Gamble Company,2019-07-31,8.2,7.0,2019-07,25,9.5,116.59,PG,BB
The Procter & Gamble Company,2019-08-31,8.2,7.0,2019-08,25,9.5,120.61,PG,BB
The Procter & Gamble Company,2019-09-30,8.2,7.0,2019-09,25,9.5,120.74,PG,BB
The Procter & Gamble Company,2019-10-31,8.2,7.0,2019-10,25,9.5,119.12,PG,BB
The Procter & Gamble Company,2019-12-01,8.2,7.0,2019-12,25,9.5,121.89,PG,BB
The Procter & Gamble Company,2020-01-01,8.2,7.0,2020-01,25,9.5,121.62,PG,BB
The Procter & Gamble Company,2020-02-01,8.2,7.0,2020-02,25,9.5,111.16,PG,BB
The Procter & Gamble Company,2020-03-01,8.2,7.0,2020-03,25,9.5,107.99,PG,BB
The Procter & Gamble Company,2020-03-31,8.2,7.0,2020-03,25,9.5,115.71,PG,BB
The Procter & Gamble Company,2020-04-30,8.2,7.0,2020-04,25,9.5,114.56,PG,BB
The Procter & Gamble Company,2020-05-31,8.2,7.0,2020-05,25,9.5,118.16,PG,BB
The Procter & Gamble Company,2020-06-30,8.2,7.0,2020-06,25,9.5,129.58,PG,BB
The Procter & Gamble Company,2020-07-31,8.2,7.0,2020-07,25,9.5,137.57,PG,BB
The Procter & Gamble Company,2020-08-31,8.2,7.0,2020-08,25,9.5,138.22,PG,BB
The Procter & Gamble Company,2020-09-30,8.2,7.0,2020-09,25,9.5,136.34,PG,BB
The Procter & Gamble Company,2020-10-31,8.2,7.0,2020-10,25,9.5,138.87,PG,BB
UnitedHealth Group Incorporated,2016-05-31,0.0,5.8,2016-05,21,15.4,131.52,UNH,CCC
UnitedHealth Group Incorporated,2016-06-30,0.0,5.8,2016-06,21,15.4,133.99,UNH,CCC
UnitedHealth Group Incorporated,2016-07-31,0.0,5.8,2016-07,21,15.4,127.30,UNH,CCC
UnitedHealth Group Incorporated,2016-08-31,0.0,5.8,2016-08,21,15.4,131.00,UNH,CCC
UnitedHealth Group Incorporated,2016-09-30,0.0,5.8,2016-09,21,15.4,132.85,UNH,CCC
UnitedHealth Group Incorporated,2016-10-31,0.0,5.8,2016-10,21,15.4,148.82,UNH,CCC
UnitedHealth Group Incorporated,2016-12-01,0.0,5.8,2016-12,21,15.4,151.04,UNH,CCC
UnitedHealth Group Incorporated,2017-01-01,0.0,5.8,2017-01,21,15.4,152.98,UNH,CCC
UnitedHealth Group Incorporated,2017-02-01,0.0,5.8,2017-02,21,15.4,156.08,UNH,CCC
UnitedHealth Group Incorporated,2017-03-01,0.0,5.8,2017-03,21,15.4,154.78,UNH,CCC
UnitedHealth Group Incorporated,2017-03-31,0.0,5.8,2017-03,21,15.4,165.66,UNH,CCC
UnitedHealth Group Incorporated,2017-04-30,0.0,5.8,2017-04,21,15.4,165.94,UNH,CCC
UnitedHealth Group Incorporated,2017-05-31,0.0,5.8,2017-05,21,15.4,175.64,UNH,B
UnitedHealth Group Incorporated,2017-06-30,0.0,5.8,2017-06,21,15.4,182.45,UNH,B
UnitedHealth Group Incorporated,2017-07-31,0.0,5.8,2017-07,21,15.4,189.19,UNH,B
UnitedHealth Group Incorporated,2017-08-31,0.0,5.8,2017-08,21,15.4,186.29,UNH,B
UnitedHealth Group Incorporated,2017-09-30,0.0,5.8,2017-09,21,15.4,200.72,UNH,B
UnitedHealth Group Incorporated,2017-10-31,0.0,5.8,2017-10,21,15.4,201.58,UNH,B
UnitedHealth Group Incorporated,2017-12-01,0.0,5.8,2017-12,21,15.4,211.20,UNH,B
UnitedHealth Group Incorporated,2018-01-01,0.0,5.8,2018-01,21,15.4,226.84,UNH,B
UnitedHealth Group Incorporated,2018-02-01,0.0,5.8,2018-02,21,15.4,216.66,UNH,B
UnitedHealth Group Incorporated,2018-03-01,0.0,5.8,2018-03,21,15.4,205.01,UNH,B
UnitedHealth Group Incorporated,2018-03-31,0.0,5.8,2018-03,21,15.4,227.22,UNH,B
UnitedHealth Group Incorporated,2018-04-30,0.0,5.8,2018-04,21,15.4,232.13,UNH,B
UnitedHealth Group Incorporated,2018-05-31,0.0,5.8,2018-05,21,15.4,235.82,UNH,B
UnitedHealth Group Incorporated,2018-06-30,0.0,5.8,2018-06,21,15.4,244.25,UNH,BB
UnitedHealth Group Incorporated,2018-07-31,0.0,5.8,2018-07,21,15.4,258.95,UNH,BB
UnitedHealth Group Incorporated,2018-08-31,0.0,5.8,2018-08,21,15.4,256.62,UNH,BB
UnitedHealth Group Incorporated,2018-09-30,0.0,5.8,2018-09,21,15.4,252.94,UNH,BB
UnitedHealth Group Incorporated,2018-10-31,0.0,5.8,2018-10,21,15.4,272.31,UNH,BB
UnitedHealth Group Incorporated,2018-12-01,0.0,5.8,2018-12,21,15.4,241.88,UNH,BB
UnitedHealth Group Incorporated,2019-01-01,0.0,5.8,2019-01,21,15.4,262.35,UNH,BB
UnitedHealth Group Incorporated,2019-02-01,0.0,5.8,2019-02,21,15.4,235.18,UNH,BB
UnitedHealth Group Incorporated,2019-03-01,0.0,5.8,2019-03,21,15.4,240.07,UNH,BB
UnitedHealth Group Incorporated,2019-03-31,0.0,5.8,2019-03,21,15.4,227.16,UNH,BB
UnitedHealth Group Incorporated,2019-04-30,0.0,5.8,2019-04,21,15.4,235.67,UNH,BB
UnitedHealth Group Incorporated,2019-05-31,0.0,5.8,2019-05,21,15.4,237.82,UNH,BB
UnitedHealth Group Incorporated,2019-06-30,0.0,5.8,2019-06,21,15.4,243.77,UNH,BB
UnitedHealth Group Incorporated,2019-07-31,0.0,5.8,2019-07,21,15.4,229.07,UNH,BB
UnitedHealth Group Incorporated,2019-08-31,0.0,5.8,2019-08,21,15.4,212.75,UNH,BB
UnitedHealth Group Incorporated,2019-09-30,0.0,5.8,2019-09,21,15.4,248.55,UNH,BB
UnitedHealth Group Incorporated,2019-10-31,0.0,5.8,2019-10,21,15.4,275.27,UNH,BB
UnitedHealth Group Incorporated,2019-12-01,0.0,5.8,2019-12,21,15.4,289.15,UNH,BB
UnitedHealth Group Incorporated,2020-01-01,0.0,5.8,2020-01,21,15.4,269.00,UNH,BB
UnitedHealth Group Incorporated,2020-02-01,0.0,5.8,2020-02,21,15.4,251.73,UNH,BB
UnitedHealth Group Incorporated,2020-03-01,0.0,5.8,2020-03,21,15.4,246.23,UNH,BB
UnitedHealth Group Incorporated,2020-03-31,0.0,5.8,2020-03,21,15.4,290.02,UNH,BB
UnitedHealth Group Incorporated,2020-04-30,0.0,5.8,2020-04,21,15.4,302.30,UNH,BB
UnitedHealth Group Incorporated,2020-05-31,0.0,5.8,2020-05,21,15.4,292.48,UNH,BB
UnitedHealth Group Incorporated,2020-06-30,0.0,5.8,2020-06,21,15.4,301.54,UNH,BB
UnitedHealth Group Incorporated,2020-07-31,0.0,5.8,2020-07,21,15.4,311.27,UNH,BB
UnitedHealth Group Incorporated,2020-08-31,0.0,5.8,2020-08,21,15.4,310.49,UNH,BB
UnitedHealth Group Incorporated,2020-09-30,0.0,5.8,2020-09,21,15.4,305.14,UNH,BB
UnitedHealth Group Incorporated,2020-10-31,0.0,5.8,2020-10,21,15.4,336.34,UNH,BB
Verizon Communications Inc.,2017-02-01,1.7,6.2,2017-02,18,10.2,41.98,VZ,BB
Verizon Communications Inc.,2017-03-01,1.7,6.2,2017-03,18,10.2,41.23,VZ,BB
Verizon Communications Inc.,2017-03-31,1.7,6.2,2017-03,18,10.2,38.83,VZ,BB
Verizon Communications Inc.,2017-04-30,1.7,6.2,2017-04,18,10.2,39.92,VZ,BB
Verizon Communications Inc.,2017-05-31,1.7,6.2,2017-05,18,10.2,38.22,VZ,BB
Verizon Communications Inc.,2017-06-30,1.7,6.2,2017-06,18,10.2,41.43,VZ,BB
Verizon Communications Inc.,2017-07-31,1.7,6.2,2017-07,18,10.2,41.60,VZ,BB
Verizon Communications Inc.,2017-08-31,1.7,6.2,2017-08,18,10.2,42.91,VZ,BB
Verizon Communications Inc.,2017-09-30,1.7,6.2,2017-09,18,10.2,41.51,VZ,BB
Verizon Communications Inc.,2017-10-31,1.7,6.2,2017-10,18,10.2,44.66,VZ,BB
Verizon Communications Inc.,2017-12-01,1.7,6.2,2017-12,18,10.2,46.45,VZ,BB
Verizon Communications Inc.,2018-01-01,1.7,6.2,2018-01,18,10.2,47.45,VZ,BB
Verizon Communications Inc.,2018-02-01,1.7,6.2,2018-02,18,10.2,42.37,VZ,BBB
Verizon Communications Inc.,2018-03-01,1.7,6.2,2018-03,18,10.2,42.44,VZ,BBB
Verizon Communications Inc.,2018-03-31,1.7,6.2,2018-03,18,10.2,43.80,VZ,BBB
Verizon Communications Inc.,2018-04-30,1.7,6.2,2018-04,18,10.2,42.84,VZ,BBB
Verizon Communications Inc.,2018-05-31,1.7,6.2,2018-05,18,10.2,45.21,VZ,BBB
Verizon Communications Inc.,2018-06-30,1.7,6.2,2018-06,18,10.2,46.41,VZ,BBB
Verizon Communications Inc.,2018-07-31,1.7,6.2,2018-07,18,10.2,49.43,VZ,BBB
Verizon Communications Inc.,2018-08-31,1.7,6.2,2018-08,18,10.2,48.54,VZ,BBB
Verizon Communications Inc.,2018-09-30,1.7,6.2,2018-09,18,10.2,51.90,VZ,BBB
Verizon Communications Inc.,2018-10-31,1.7,6.2,2018-10,18,10.2,55.43,VZ,BBB
Verizon Communications Inc.,2018-12-01,1.7,6.2,2018-12,18,10.2,51.68,VZ,BBB
Verizon Communications Inc.,2019-01-01,1.7,6.2,2019-01,18,10.2,50.61,VZ,BBB
Verizon Communications Inc.,2019-02-01,1.7,6.2,2019-02,18,10.2,52.87,VZ,BBB
Verizon Communications Inc.,2019-03-01,1.7,6.2,2019-03,18,10.2,54.92,VZ,BB
Verizon Communications Inc.,2019-03-31,1.7,6.2,2019-03,18,10.2,53.12,VZ,BB
Verizon Communications Inc.,2019-04-30,1.7,6.2,2019-04,18,10.2,51.00,VZ,BB
Verizon Communications Inc.,2019-05-31,1.7,6.2,2019-05,18,10.2,53.61,VZ,BB
Verizon Communications Inc.,2019-06-30,1.7,6.2,2019-06,18,10.2,51.86,VZ,BB
Verizon Communications Inc.,2019-07-31,1.7,6.2,2019-07,18,10.2,55.15,VZ,BB
Verizon Communications Inc.,2019-08-31,1.7,6.2,2019-08,18,10.2,57.24,VZ,BB
Verizon Communications Inc.,2019-09-30,1.7,6.2,2019-09,18,10.2,57.34,VZ,BB
Verizon Communications Inc.,2019-10-31,1.7,6.2,2019-10,18,10.2,57.72,VZ,BB
Verizon Communications Inc.,2019-12-01,1.7,6.2,2019-12,18,10.2,58.83,VZ,BB
Verizon Communications Inc.,2020-01-01,1.7,6.2,2020-01,18,10.2,56.95,VZ,BB
Verizon Communications Inc.,2020-02-01,1.7,6.2,2020-02,18,10.2,52.43,VZ,BBB
Verizon Communications Inc.,2020-03-01,1.7,6.2,2020-03,18,10.2,52.01,VZ,BBB
Verizon Communications Inc.,2020-03-31,1.7,6.2,2020-03,18,10.2,55.62,VZ,BBB
Verizon Communications Inc.,2020-04-30,1.7,6.2,2020-04,18,10.2,56.14,VZ,BBB
Verizon Communications Inc.,2020-05-31,1.7,6.2,2020-05,18,10.2,53.94,VZ,BBB
Verizon Communications Inc.,2020-06-30,1.7,6.2,2020-06,18,10.2,56.24,VZ,BBB
Verizon Communications Inc.,2020-07-31,1.7,6.2,2020-07,18,10.2,58.65,VZ,BBB
Verizon Communications Inc.,2020-08-31,1.7,6.2,2020-08,18,10.2,58.86,VZ,BBB
Verizon Communications Inc.,2020-09-30,1.7,6.2,2020-09,18,10.2,56.39,VZ,BBB
Verizon Communications Inc.,2020-10-31,1.7,6.2,2020-10,18,10.2,60.41,VZ,BBB
